user_id,posts_per_week,likes_per_week,comments_per_week,shares_per_week,followers,following,avg_session_minutes,active_days_per_week,night_activity_ratio,video_watch_minutes,purchase_clicks_per_week
U101178,4.0,356.0,65.0,82.0,1060.0,927.0,44.3,5.0,0.474,434.5,13.0
U100865,5.0,403.0,96.0,42.0,1293.0,972.0,79.7,5.0,0.64,463.6,6.0
U100101,7.0,267.0,74.0,51.0,1162.0,545.0,77.6,6.0,0.093,508.8,5.0
U100439,8.0,516.0,115.0,53.0,1812.0,865.0,76.2,6.0,0.659,470.0,5.0
U100058,3.0,343.0,87.0,47.0,598.0,920.0,57.3,3.0,,371.8,10.0
U101120,6.0,496.0,86.0,47.0,3855.0,877.0,62.8,4.0,0.058,318.7,12.0
U100323,4.0,382.0,49.0,27.0,4630.0,999.0,82.4,5.0,0.694,675.1,1.0
U100974,3.0,,70.0,54.0,727.0,437.0,68.1,3.0,0.66,733.1,11.0
U100411,3.0,140.0,27.0,27.0,969.0,300.0,63.6,1.0,0.453,477.1,9.0
U100855,10.0,530.0,134.0,63.0,1115.0,791.0,93.4,3.0,0.694,660.8,12.0
U100820,6.0,378.0,112.0,45.0,3618.0,636.0,83.1,3.0,0.627,884.9,7.0
U100044,6.0,,76.0,45.0,,990.0,76.3,3.0,0.382,429.5,10.0
U100049,3.0,185.0,50.0,38.0,530.0,445.0,60.3,4.0,0.395,519.6,5.0
U100849,6.0,386.0,87.0,33.0,7659.0,753.0,88.2,6.0,0.686,612.0,17.0
U100240,3.0,261.0,51.0,46.0,2133.0,492.0,70.6,3.0,0.493,331.7,6.0
U100170,7.0,406.0,85.0,34.0,795.0,301.0,68.0,2.0,0.514,412.1,15.0
U100523,4.0,326.0,114.0,67.0,1207.0,1028.0,70.0,3.0,0.616,436.8,11.0
U100765,1.0,197.0,45.0,26.0,2154.0,640.0,64.4,2.0,0.584,424.2,7.0
U100838,5.0,401.0,69.0,74.0,1190.0,810.0,95.3,7.0,0.268,565.6,6.0
U100423,1.0,309.0,55.0,45.0,1303.0,629.0,29.7,1.0,0.296,307.2,5.0
U100380,3.0,401.0,74.0,85.0,2362.0,1008.0,74.4,6.0,0.484,419.2,3.0
U100609,5.0,489.0,92.0,67.0,2766.0,942.0,71.8,6.0,0.178,590.1,5.0
U100676,4.0,591.0,114.0,90.0,5155.0,1305.0,106.6,7.0,0.759,624.1,6.0
U100344,5.0,413.0,92.0,96.0,1586.0,1236.0,90.6,7.0,0.827,406.1,3.0
U100109,1.0,143.0,21.0,25.0,614.0,356.0,53.1,1.0,0.362,316.9,4.0
U100277,7.0,332.0,44.0,9.0,959.0,235.0,59.9,2.0,0.657,394.1,8.0
U100677,2.0,377.0,83.0,38.0,1837.0,965.0,83.4,4.0,0.642,619.0,5.0
U100570,2.0,140.0,25.0,49.0,2057.0,575.0,59.7,2.0,0.751,645.4,5.0
U100358,1.0,293.0,67.0,63.0,1181.0,520.0,32.8,3.0,0.368,328.1,6.0
U100598,4.0,392.0,67.0,53.0,3520.0,739.0,63.2,4.0,0.195,200.0,2.0
U100390,4.0,204.0,45.0,0.0,549.0,148.0,30.2,1.0,0.594,411.2,2.0
U100893,2.0,269.0,80.0,62.0,1365.0,852.0,90.0,4.0,0.277,662.8,12.0
U100692,7.0,352.0,87.0,64.0,678.0,628.0,71.3,6.0,0.29,420.7,5.0
U100727,5.0,311.0,68.0,52.0,1379.0,846.0,93.9,5.0,0.637,761.8,10.0
U100362,4.0,430.0,51.0,57.0,2335.0,664.0,100.5,6.0,0.392,959.5,13.0
U100596,2.0,156.0,46.0,39.0,574.0,617.0,81.5,3.0,0.573,545.0,10.0
U100427,7.0,659.0,113.0,74.0,8431.0,1121.0,92.1,7.0,0.724,726.7,7.0
U100070,3.0,324.0,78.0,63.0,1449.0,808.0,58.4,2.0,0.586,174.0,5.0
U100321,6.0,213.0,58.0,46.0,504.0,439.0,45.1,3.0,0.682,237.6,1.0
U100652,8.0,470.0,104.0,40.0,2676.0,1091.0,118.0,6.0,0.626,825.1,14.0
U101065,9.0,574.0,91.0,75.0,3258.0,740.0,79.0,5.0,0.627,279.4,9.0
U100107,3.0,458.0,89.0,61.0,2568.0,882.0,62.4,4.0,0.752,371.5,13.0
U101108,1.0,277.0,69.0,76.0,2375.0,1265.0,85.1,6.0,0.492,681.5,9.0
U100355,2.0,290.0,26.0,25.0,1031.0,507.0,47.7,4.0,0.079,410.0,8.0
U100950,2.0,207.0,49.0,18.0,980.0,242.0,68.6,1.0,0.545,428.2,9.0
U100342,1.0,300.0,39.0,47.0,1631.0,924.0,54.3,4.0,0.648,287.5,10.0
U100354,5.0,415.0,90.0,71.0,4348.0,567.0,103.7,6.0,0.56,598.2,13.0
U100023,1.0,232.0,52.0,34.0,905.0,979.0,78.0,4.0,0.891,450.7,8.0
U100043,8.0,488.0,98.0,77.0,3858.0,577.0,71.0,5.0,0.288,69.7,2.0
U100243,3.0,242.0,70.0,41.0,616.0,776.0,28.6,2.0,0.948,140.2,8.0
U100737,3.0,233.0,47.0,52.0,2357.0,752.0,67.7,6.0,0.328,143.7,7.0
U101135,9.0,526.0,133.0,34.0,1499.0,998.0,64.5,6.0,0.491,293.5,
U100367,4.0,200.0,93.0,72.0,1712.0,533.0,45.1,2.0,0.347,229.9,1.0
U100163,6.0,535.0,96.0,69.0,3232.0,642.0,51.9,3.0,1.35,374.9,7.0
U101115,4.0,333.0,83.0,44.0,1238.0,780.0,79.6,4.0,0.734,557.0,8.0
U100332,5.0,367.0,112.0,66.0,4076.0,598.0,55.8,3.0,0.558,412.2,3.0
U100988,5.0,363.0,102.0,45.0,568.0,1123.0,40.2,3.0,0.257,244.2,3.0
U101172,3.0,302.0,40.0,54.0,2582.0,550.0,43.4,4.0,0.681,323.5,8.0
U101001,7.0,428.0,76.0,44.0,836.0,540.0,63.2,3.0,0.485,284.1,5.0
U100377,4.0,306.0,71.0,30.0,1743.0,462.0,57.6,1.0,0.356,596.0,11.0
U100309,8.0,495.0,101.0,69.0,2071.0,1115.0,75.6,6.0,0.364,630.5,8.0
U100155,6.0,383.0,102.0,70.0,1086.0,839.0,118.1,6.0,0.337,752.0,24.0
U100210,4.0,345.0,49.0,47.0,1170.0,914.0,84.3,6.0,0.344,675.1,5.0
U100086,1.0,149.0,35.0,21.0,263.0,369.0,41.4,3.0,0.602,414.8,4.0
U100168,3.0,340.0,96.0,18.0,238.0,923.0,75.7,5.0,0.771,478.9,14.0
U100994,4.0,,89.0,44.0,1482.0,877.0,71.8,3.0,0.711,234.7,9.0
U100051,3.0,355.0,117.0,64.0,2280.0,1127.0,102.0,5.0,0.832,484.4,8.0
U100438,6.0,379.0,87.0,55.0,2374.0,452.0,57.8,3.0,0.211,247.2,10.0
U100549,2.0,369.0,78.0,72.0,4189.0,1002.0,55.7,6.0,0.197,,3.0
U100490,3.0,300.0,62.0,54.0,1580.0,998.0,132.8,6.0,0.87,668.3,12.0
U100425,5.0,394.0,77.0,62.0,1605.0,828.0,66.3,4.0,0.53,452.0,12.0
U100135,4.0,358.0,91.0,56.0,2074.0,719.0,29.6,3.0,0.245,303.6,6.0
U101191,11.0,692.0,169.0,81.0,3841.0,1035.0,69.3,6.0,0.41,541.3,9.0
U100054,2.0,176.0,48.0,37.0,1318.0,508.0,76.8,3.0,,419.5,12.0
U100078,5.0,329.0,110.0,72.0,1871.0,869.0,,5.0,0.419,489.5,13.0
U100430,4.0,245.0,29.0,31.0,959.0,599.0,51.7,2.0,0.125,343.8,4.0
U100184,7.0,335.0,75.0,42.0,1438.0,584.0,70.7,4.0,0.776,328.2,7.0
U100056,4.0,354.0,99.0,86.0,1968.0,975.0,43.2,3.0,0.424,215.3,7.0
U100942,6.0,664.0,151.0,106.0,8295.0,1287.0,56.5,4.0,0.185,446.7,10.0
U100850,5.0,423.0,91.0,68.0,1260.0,1061.0,71.1,3.0,0.399,433.1,11.0
U101163,1.0,234.0,44.0,18.0,862.0,384.0,39.7,2.0,0.672,306.1,6.0
U100218,4.0,305.0,87.0,37.0,803.0,773.0,70.5,3.0,0.735,411.1,11.0
U100844,3.0,254.0,18.0,32.0,840.0,611.0,77.8,4.0,0.688,652.5,10.0
U100113,5.0,326.0,89.0,60.0,585.0,430.0,46.7,2.0,0.336,212.0,5.0
U100548,4.0,352.0,58.0,70.0,3187.0,806.0,98.3,6.0,0.541,612.9,3.0
U101018,2.0,276.0,59.0,40.0,2570.0,693.0,79.0,3.0,0.935,651.7,4.0
U101072,6.0,521.0,90.0,64.0,4554.0,1085.0,88.3,4.0,0.524,535.7,3.0
U100174,2.0,238.0,43.0,49.0,914.0,425.0,62.9,2.0,0.847,398.6,6.0
U101022,5.0,409.0,86.0,69.0,2016.0,1032.0,88.1,5.0,0.571,504.5,8.0
U100615,0.0,94.0,12.0,8.0,744.0,477.0,53.0,2.0,0.643,367.6,6.0
U100513,4.0,311.0,81.0,16.0,504.0,663.0,73.9,4.0,0.508,456.6,7.0
U100461,3.0,277.0,35.0,55.0,1963.0,379.0,80.4,3.0,0.6,588.3,9.0
U100286,2.0,321.0,55.0,34.0,1404.0,929.0,77.5,4.0,0.242,194.3,11.0
U100381,5.0,382.0,67.0,44.0,1466.0,787.0,106.5,6.0,0.483,460.1,2.0
U101007,4.0,375.0,88.0,56.0,4326.0,672.0,71.2,2.0,0.616,2400.0,4.0
U100670,4.0,509.0,91.0,80.0,1972.0,1072.0,74.0,5.0,0.217,440.1,12.0
U100534,4.0,248.0,46.0,26.0,654.0,519.0,59.3,2.0,0.266,610.1,1.0
U100909,1.0,260.0,40.0,25.0,,727.0,51.6,2.0,0.453,210.4,10.0
U100292,4.0,288.0,46.0,67.0,1606.0,747.0,67.8,6.0,0.077,325.7,4.0
U100123,2.0,170.0,51.0,14.0,2147.0,579.0,92.2,6.0,0.479,361.7,9.0
U100582,0.0,60.0,21.0,10.0,1466.0,348.0,50.7,3.0,0.134,410.1,7.0
U100140,7.0,369.0,80.0,55.0,1002.0,814.0,54.2,6.0,0.089,422.7,13.0
U100735,3.0,352.0,77.0,37.0,1964.0,1143.0,56.4,4.0,0.162,312.6,10.0
U100081,3.0,129.0,19.0,37.0,642.0,366.0,62.4,3.0,0.275,578.1,2.0
U100881,5.0,391.0,105.0,89.0,1344.0,915.0,105.7,6.0,0.242,774.6,9.0
U100739,2.0,197.0,42.0,38.0,2820.0,115.0,29.0,1.0,0.46,135.0,6.0
U101101,7.0,444.0,98.0,63.0,2907.0,513.0,75.9,5.0,0.31,421.1,4.0
U100908,2.0,153.0,45.0,30.0,676.0,374.0,64.7,4.0,0.351,399.4,4.0
U101166,13.0,782.0,153.0,87.0,3513.0,1187.0,96.4,7.0,0.553,624.8,5.0
U100936,2.0,293.0,58.0,30.0,1707.0,379.0,34.5,2.0,0.292,406.2,6.0
U100371,6.0,462.0,136.0,49.0,1398.0,1082.0,99.1,6.0,0.393,596.4,16.0
U100889,2.0,238.0,65.0,47.0,326.0,665.0,35.6,1.0,0.36,207.7,4.0
U100156,1.0,111.0,64.0,17.0,527.0,561.0,69.0,4.0,0.285,435.8,8.0
U100991,4.0,328.0,52.0,41.0,696.0,872.0,116.9,7.0,0.633,666.9,10.0
U100621,3.0,382.0,70.0,63.0,4621.0,773.0,58.4,3.0,0.715,231.2,2.0
U101037,2.0,158.0,62.0,47.0,634.0,455.0,27.4,3.0,0.331,164.6,2.0
U100244,3.0,424.0,72.0,67.0,5990.0,1268.0,73.8,7.0,0.514,,12.0
U100158,3.0,305.0,57.0,37.0,1608.0,513.0,64.4,3.0,0.32,465.2,0.0
U100745,8.0,411.0,92.0,43.0,919.0,538.0,109.9,6.0,0.512,807.8,8.0
U100192,2.0,234.0,17.0,34.0,1131.0,627.0,44.8,3.0,0.206,314.5,
U100533,5.0,230.0,92.0,51.0,1955.0,661.0,68.0,5.0,0.486,646.6,10.0
U100903,3.0,399.0,93.0,91.0,2401.0,1234.0,97.5,6.0,0.809,670.2,20.0
U101003,11.0,689.0,125.0,84.0,4326.0,770.0,99.2,5.0,0.647,753.5,8.0
U101069,8.0,409.0,85.0,57.0,2426.0,675.0,65.8,4.0,0.186,740.6,10.0
U100413,5.0,395.0,91.0,36.0,731.0,959.0,79.8,6.0,0.638,310.8,8.0
U101186,0.0,84.0,0.0,1.0,2250.0,593.0,51.0,4.0,0.087,393.9,6.0
U100327,0.0,175.0,20.0,39.0,1267.0,652.0,73.0,4.0,0.293,637.9,6.0
U100128,3.0,229.0,69.0,50.0,1786.0,631.0,80.1,4.0,0.442,674.2,9.0
U100694,5.0,398.0,55.0,41.0,3078.0,601.0,50.1,2.0,0.58,653.6,7.0
U100630,3.0,404.0,98.0,72.0,1787.0,980.0,87.9,6.0,0.707,451.0,8.0
U100274,4.0,346.0,55.0,71.0,1829.0,926.0,118.0,6.0,0.269,769.7,7.0
U101147,7.0,372.0,93.0,42.0,2501.0,728.0,62.2,3.0,0.378,192.5,7.0
U100308,6.0,536.0,133.0,67.0,1054.0,1105.0,74.7,5.0,0.376,335.1,10.0
U100233,,238.0,64.0,25.0,1378.0,834.0,79.6,6.0,0.169,456.9,12.0
U101047,6.0,329.0,71.0,63.0,472.0,1031.0,70.4,6.0,0.303,710.0,5.0
U100622,8.0,538.0,114.0,65.0,1563.0,1136.0,,4.0,0.781,516.4,13.0
U100643,2.0,51.0,26.0,13.0,565.0,442.0,68.6,4.0,0.269,435.5,5.0
U100478,3.0,292.0,60.0,20.0,966.0,513.0,70.0,4.0,0.239,297.0,7.0
U100471,2.0,173.0,51.0,14.0,1017.0,511.0,77.4,3.0,0.372,402.8,7.0
U100925,7.0,472.0,119.0,74.0,1060.0,1377.0,100.9,6.0,0.497,594.5,9.0
U101097,8.0,351.0,97.0,41.0,1109.0,674.0,102.7,5.0,0.161,645.7,12.0
U100626,2.0,308.0,51.0,49.0,1719.0,,66.5,4.0,0.482,262.0,11.0
U100394,2.0,331.0,71.0,59.0,528.0,1107.0,104.8,5.0,0.398,724.0,10.0
U100636,3.0,280.0,85.0,28.0,936.0,528.0,62.3,4.0,0.683,384.6,5.0
U100767,2.0,202.0,51.0,28.0,1320.0,599.0,42.7,3.0,0.354,203.9,8.0
U100532,4.0,378.0,66.0,71.0,,661.0,55.7,3.0,0.705,593.8,22.0
U100717,6.0,459.0,110.0,52.0,988.0,1084.0,74.9,5.0,0.277,724.8,11.0
U100666,3.0,246.0,66.0,50.0,1120.0,486.0,55.9,1.0,0.542,637.9,2.0
U100597,9.0,611.0,108.0,87.0,2015.0,1040.0,82.4,5.0,0.345,528.6,10.0
U100481,10.0,542.0,120.0,69.0,1343.0,840.0,116.3,6.0,0.787,710.5,9.0
U101102,3.0,183.0,21.0,39.0,1663.0,357.0,80.9,5.0,0.159,296.4,5.0
U100314,,308.0,75.0,12.0,605.0,636.0,86.1,6.0,0.18,778.5,15.0
U100728,1.0,282.0,68.0,40.0,512.0,774.0,52.1,2.0,0.495,430.3,13.0
U100209,3.0,258.0,59.0,43.0,1715.0,885.0,77.5,3.0,0.689,555.5,5.0
U100933,4.0,376.0,73.0,53.0,1134.0,1077.0,80.6,6.0,0.457,465.0,12.0
U100433,3.0,206.0,51.0,20.0,726.0,300.0,65.2,2.0,0.623,664.8,8.0
U100328,4.0,226.0,52.0,26.0,784.0,312.0,29.8,2.0,0.136,340.7,9.0
U100260,0.0,237.0,48.0,30.0,1040.0,871.0,44.5,4.0,0.207,239.8,3.0
U101116,6.0,538.0,101.0,92.0,2640.0,1002.0,82.2,6.0,0.647,572.1,7.0
U100306,3.0,179.0,46.0,26.0,713.0,293.0,60.2,3.0,0.165,532.5,0.0
U101066,5.0,381.0,109.0,75.0,2451.0,769.0,68.4,2.0,0.735,439.9,13.0
U100927,5.0,385.0,87.0,24.0,2265.0,817.0,,4.0,0.609,575.7,6.0
U101024,1.0,87.0,22.0,54.0,2980.0,1.0,37.3,1.0,0.748,20.0,7.0
U100270,2.0,234.0,39.0,40.0,885.0,612.0,52.9,3.0,0.419,245.8,5.0
U100290,5.0,140.0,86.0,20.0,,447.0,66.9,4.0,0.251,529.2,7.0
U100812,5.0,484.0,87.0,45.0,1574.0,891.0,58.9,6.0,0.72,314.7,4.0
U100096,0.0,61.0,20.0,17.0,308.0,242.0,37.3,1.0,0.271,497.4,2.0
U100887,4.0,,47.0,53.0,695.0,573.0,80.1,3.0,0.172,603.2,6.0
U100818,9.0,519.0,97.0,76.0,1586.0,1076.0,86.3,5.0,0.739,594.5,9.0
U100031,6.0,335.0,67.0,39.0,2222.0,387.0,60.6,4.0,0.707,124.8,11.0
U100762,4.0,475.0,77.0,69.0,3795.0,834.0,93.0,6.0,0.458,490.5,7.0
U100953,2.0,222.0,53.0,9.0,828.0,379.0,53.4,2.0,0.618,554.5,8.0
U100319,2.0,112.0,15.0,5.0,864.0,314.0,62.9,2.0,0.479,523.8,5.0
U100298,2.0,264.0,37.0,28.0,1552.0,734.0,29.4,1.0,0.522,88.4,8.0
U100199,5.0,240.0,40.0,28.0,1699.0,500.0,55.7,4.0,0.58,281.9,11.0
U100560,2.0,232.0,45.0,20.0,695.0,558.0,57.7,4.0,0.247,380.3,10.0
U100178,6.0,311.0,99.0,63.0,2519.0,744.0,78.6,4.0,0.363,518.0,4.0
U101131,3.0,238.0,,23.0,2493.0,642.0,43.6,3.0,0.464,455.6,3.0
U100088,10.0,604.0,172.0,86.0,3304.0,1123.0,113.6,5.0,0.785,607.2,12.0
U100787,4.0,219.0,53.0,31.0,68310.0,420.0,71.8,3.0,0.548,598.3,4.0
U100724,2.0,174.0,59.0,37.0,1245.0,532.0,25.3,2.0,0.323,404.2,10.0
U100826,3.0,339.0,69.0,57.0,1746.0,789.0,76.2,4.0,0.524,612.3,3.0
U100208,5.0,332.0,84.0,37.0,1725.0,686.0,57.9,3.0,0.644,306.4,8.0
U101039,4.0,375.0,93.0,81.0,3697.0,867.0,58.8,6.0,0.378,2400.0,1.0
U100296,2.0,284.0,,49.0,1143.0,749.0,80.8,6.0,0.386,605.2,9.0
U100997,2.0,194.0,39.0,53.0,1552.0,561.0,74.0,5.0,0.607,489.5,2.0
U100497,5.0,554.0,99.0,61.0,5521.0,1092.0,59.6,4.0,0.67,466.7,14.0
U100834,1.0,236.0,25.0,31.0,2608.0,618.0,78.8,3.0,0.676,451.7,9.0
U100429,7.0,557.0,137.0,74.0,4957.0,962.0,81.3,4.0,0.265,425.6,6.0
U100506,4.0,434.0,91.0,90.0,8204.0,1204.0,105.4,7.0,0.25,533.0,3.0
U100830,5.0,498.0,106.0,59.0,3334.0,1094.0,64.3,5.0,0.321,252.3,2.0
U100693,3.0,236.0,36.0,3.0,693.0,89.0,41.3,1.0,0.751,,7.0
U100010,2.0,291.0,44.0,62.0,797.0,1255.0,85.4,5.0,0.544,632.8,4.0
U100847,4.0,385.0,89.0,41.0,1668.0,1130.0,70.6,5.0,0.783,421.6,3.0
U100462,3.0,286.0,70.0,27.0,462.0,681.0,44.1,2.0,0.293,466.7,7.0
U100198,0.0,220.0,41.0,43.0,404.0,867.0,82.0,3.0,0.473,497.0,6.0
U100059,1.0,202.0,27.0,39.0,911.0,805.0,97.1,6.0,0.6,576.9,9.0
U100906,3.0,324.0,85.0,57.0,2980.0,892.0,89.0,4.0,0.502,769.1,6.0
U100996,3.0,299.0,59.0,38.0,536.0,938.0,91.8,6.0,0.595,756.8,2.0
U100275,4.0,405.0,66.0,49.0,4887.0,841.0,92.2,4.0,0.764,573.6,10.0
U100808,5.0,345.0,111.0,78.0,2856.0,1045.0,87.3,3.0,0.257,509.0,13.0
U100907,5.0,248.0,48.0,26.0,5876.0,455.0,59.2,2.0,0.294,494.3,2.0
U100657,6.0,516.0,110.0,52.0,4083.0,824.0,103.9,5.0,0.904,735.2,9.0
U100956,2.0,257.0,68.0,36.0,245.0,799.0,56.7,3.0,0.632,329.4,7.0
U100885,5.0,363.0,68.0,82.0,1691.0,1000.0,69.6,5.0,0.45,213.5,3.0
U100220,0.0,119.0,25.0,32.0,729.0,480.0,75.6,3.0,0.869,359.7,7.0
U100788,4.0,213.0,37.0,28.0,626.0,326.0,50.1,2.0,0.052,200.8,0.0
U100711,8.0,591.0,136.0,64.0,6498.0,862.0,83.2,5.0,0.456,371.0,4.0
U100713,6.0,262.0,52.0,32.0,1574.0,327.0,57.2,4.0,0.303,433.7,2.0
U101112,0.0,208.0,46.0,58.0,1102.0,704.0,73.9,2.0,0.579,569.4,6.0
U101190,6.0,309.0,75.0,36.0,1164.0,772.0,68.3,6.0,0.35,188.5,5.0
U100789,2.0,75.0,29.0,18.0,498.0,501.0,63.4,3.0,0.677,440.9,7.0
U100415,4.0,300.0,57.0,49.0,663.0,870.0,69.8,5.0,0.526,322.4,2.0
U100898,3.0,149.0,44.0,31.0,764.0,685.0,83.8,6.0,0.467,403.4,5.0
U100934,4.0,257.0,58.0,50.0,1838.0,585.0,58.6,4.0,0.247,347.2,5.0
U100265,5.0,422.0,76.0,60.0,2405.0,828.0,85.7,6.0,0.332,575.8,10.0
U100631,6.0,,110.0,83.0,4797.0,1103.0,110.4,7.0,0.348,773.9,5.0
U100247,5.0,487.0,109.0,62.0,2338.0,1183.0,111.7,6.0,0.574,447.9,8.0
U100682,4.0,356.0,86.0,49.0,1934.0,1090.0,98.2,6.0,0.677,588.3,4.0
U100558,0.0,122.0,22.0,7.0,568.0,305.0,51.4,2.0,0.876,367.8,3.0
U101136,8.0,548.0,101.0,97.0,1481.0,1373.0,45.3,4.0,0.28,259.2,4.0
U100967,5.0,230.0,63.0,30.0,985.0,209.0,78.7,,0.521,564.4,7.0
U101004,0.0,179.0,41.0,41.0,4124.0,901.0,64.9,5.0,0.417,475.7,4.0
U100984,2.0,116.0,15.0,38.0,660.0,576.0,81.1,,0.592,584.2,4.0
U100294,5.0,332.0,78.0,62.0,1707.0,630.0,71.6,4.0,0.745,606.7,5.0
U100519,5.0,421.0,92.0,46.0,1640.0,736.0,87.6,6.0,0.576,696.0,10.0
U100770,10.0,594.0,127.0,80.0,2010.0,925.0,112.1,6.0,0.234,700.6,9.0
U100083,1.0,211.0,73.0,56.0,1800.0,819.0,62.3,,0.356,337.8,3.0
U100231,5.0,183.0,47.0,10.0,,457.0,78.8,3.0,0.66,705.1,9.0
U100620,0.0,106.0,0.0,9.0,635.0,528.0,81.6,4.0,0.62,678.8,4.0
U100333,0.0,111.0,25.0,,1109.0,339.0,44.9,2.0,0.666,2400.0,6.0
U100129,2.0,306.0,71.0,42.0,2847.0,619.0,86.0,3.0,0.698,610.2,3.0
U101011,6.0,457.0,129.0,42.0,840.0,1096.0,112.4,7.0,0.787,681.2,7.0
U100644,2.0,262.0,36.0,19.0,4473.0,451.0,,3.0,0.462,628.7,3.0
U100973,3.0,234.0,80.0,37.0,1798.0,464.0,70.9,5.0,0.524,653.9,8.0
U100382,1.0,112.0,48.0,45.0,720.0,559.0,31.6,2.0,0.547,325.9,7.0
U100867,2.0,209.0,48.0,44.0,944.0,618.0,55.6,3.0,0.486,261.2,7.0
U100542,5.0,465.0,111.0,68.0,771.0,748.0,59.1,4.0,0.832,529.5,11.0
U101193,8.0,431.0,99.0,75.0,1083.0,1037.0,87.9,6.0,0.312,511.0,7.0
U100874,1.0,163.0,12.0,29.0,1792.0,270.0,24.7,1.0,0.396,216.3,2.0
U100331,0.0,275.0,48.0,37.0,820.0,762.0,83.6,6.0,0.721,522.9,8.0
U100409,2.0,183.0,,10.0,361.0,286.0,60.8,2.0,0.821,127.5,1.0
U100076,0.0,107.0,47.0,32.0,1735.0,517.0,63.7,3.0,0.445,525.7,20.0
U100868,2.0,267.0,74.0,58.0,2291.0,770.0,76.7,3.0,0.71,599.0,1.0
U100138,6.0,656.0,108.0,84.0,4381.0,1386.0,100.6,7.0,0.644,656.4,5.0
U100543,3.0,235.0,39.0,24.0,2000.0,272.0,39.5,4.0,0.259,152.1,8.0
U100673,3.0,181.0,47.0,39.0,2581.0,391.0,56.0,1.0,0.815,408.6,2.0
U100920,3.0,263.0,72.0,19.0,890.0,674.0,56.8,2.0,0.208,463.1,12.0
U100063,2.0,247.0,49.0,42.0,769.0,836.0,89.2,5.0,0.167,610.5,11.0
U100141,3.0,291.0,62.0,52.0,2176.0,625.0,62.9,2.0,,148.8,4.0
U100716,1.0,182.0,40.0,28.0,1035.0,371.0,48.3,1.0,0.349,409.5,6.0
U100376,8.0,563.0,106.0,76.0,5289.0,548.0,77.3,4.0,0.536,782.7,5.0
U100363,3.0,187.0,38.0,37.0,589.0,338.0,48.1,3.0,0.412,374.2,8.0
U100139,7.0,544.0,104.0,82.0,2678.0,1113.0,80.6,7.0,0.175,481.9,12.0
U100884,3.0,322.0,78.0,34.0,2657.0,,48.2,2.0,0.559,137.5,5.0
U101041,3.0,351.0,30.0,25.0,1660.0,706.0,80.2,6.0,0.771,450.7,14.0
U100224,2.0,295.0,30.0,52.0,625.0,819.0,63.0,4.0,0.5,285.5,8.0
U100514,2.0,196.0,57.0,59.0,747.0,708.0,82.1,,0.27,495.9,3.0
U100266,3.0,154.0,55.0,30.0,335.0,379.0,54.9,4.0,0.66,176.0,17.0
U101169,10.0,648.0,134.0,73.0,2164.0,956.0,80.5,3.0,0.79,742.4,21.0
U100486,7.0,466.0,91.0,25.0,3928.0,568.0,48.4,2.0,0.259,152.7,3.0
U100352,4.0,280.0,47.0,24.0,521.0,555.0,74.7,2.0,0.567,362.7,13.0
U101005,2.0,182.0,66.0,16.0,592.0,649.0,79.2,5.0,0.561,523.1,6.0
U100617,8.0,546.0,97.0,68.0,1875.0,891.0,84.6,4.0,0.613,579.2,10.0
U100667,5.0,399.0,85.0,50.0,2222.0,978.0,77.7,6.0,0.451,795.5,6.0
U100774,0.0,174.0,25.0,17.0,2267.0,534.0,81.3,4.0,0.91,801.2,5.0
U100553,1.0,243.0,42.0,35.0,1390.0,940.0,84.0,6.0,0.207,458.7,5.0
U100575,9.0,483.0,101.0,28.0,768.0,675.0,67.7,2.0,0.382,604.0,10.0
U100914,,397.0,72.0,64.0,1663.0,1186.0,72.0,6.0,0.692,279.5,5.0
U100465,2.0,138.0,14.0,12.0,2189.0,486.0,76.0,3.0,0.895,475.9,5.0
U100590,4.0,229.0,35.0,12.0,434.0,188.0,69.4,3.0,0.739,675.8,7.0
U100764,5.0,351.0,73.0,58.0,889.0,640.0,68.8,5.0,0.073,192.6,3.0
U100634,5.0,520.0,89.0,54.0,5674.0,804.0,78.8,4.0,0.256,527.0,5.0
U100837,6.0,411.0,94.0,91.0,877.0,1195.0,110.4,7.0,0.269,767.7,13.0
U100289,2.0,205.0,49.0,19.0,349.0,781.0,101.0,5.0,0.382,789.2,6.0
U100039,4.0,439.0,98.0,91.0,2324.0,1087.0,112.7,5.0,0.113,588.2,10.0
U100030,3.0,301.0,49.0,53.0,1339.0,1005.0,121.1,7.0,0.595,430.3,7.0
U100242,3.0,183.0,57.0,15.0,2637.0,154.0,52.7,1.0,0.507,415.7,1.0
U100428,2.0,122.0,48.0,13.0,1335.0,710.0,32.6,2.0,0.408,460.6,4.0
U100136,5.0,465.0,112.0,44.0,2361.0,638.0,52.3,5.0,0.64,545.4,6.0
U101100,7.0,425.0,97.0,59.0,1493.0,740.0,104.5,6.0,0.864,552.2,8.0
U100864,4.0,278.0,49.0,34.0,906.0,439.0,86.5,3.0,0.495,665.7,8.0
U100003,7.0,457.0,116.0,48.0,1200.0,1065.0,113.9,6.0,0.612,712.4,12.0
U100832,1.0,173.0,26.0,40.0,763.0,760.0,32.4,2.0,0.454,68.4,5.0
U100602,5.0,389.0,79.0,72.0,1761.0,978.0,85.6,6.0,0.596,347.0,8.0
U101033,8.0,611.0,145.0,84.0,3926.0,983.0,50.5,5.0,0.316,385.0,8.0
U100654,5.0,352.0,85.0,49.0,2134.0,1127.0,61.9,5.0,0.343,313.5,15.0
U100843,2.0,195.0,32.0,48.0,595.0,855.0,77.5,3.0,0.31,698.9,5.0
U100783,4.0,406.0,81.0,79.0,2607.0,837.0,62.7,6.0,0.338,293.9,16.0
U101073,4.0,337.0,63.0,38.0,2973.0,806.0,36.5,2.0,0.555,413.1,9.0
U100442,4.0,219.0,43.0,34.0,270.0,463.0,76.8,4.0,0.487,570.3,12.0
U101177,3.0,270.0,66.0,46.0,2142.0,626.0,69.3,3.0,0.24,339.2,8.0
U100435,7.0,462.0,109.0,50.0,1274.0,991.0,56.2,3.0,0.549,348.7,10.0
U101168,5.0,291.0,67.0,35.0,1676.0,460.0,45.0,4.0,0.597,424.1,5.0
U100100,4.0,341.0,57.0,59.0,2808.0,637.0,53.9,4.0,0.387,183.0,5.0
U100772,5.0,328.0,89.0,62.0,980.0,679.0,76.6,6.0,0.593,138.8,3.0
U100494,0.0,91.0,37.0,28.0,863.0,566.0,82.5,4.0,0.67,633.7,4.0
U101027,4.0,331.0,70.0,50.0,744.0,817.0,76.8,5.0,0.659,726.2,14.0
U100806,0.0,234.0,49.0,41.0,3912.0,905.0,51.3,4.0,0.27,421.3,9.0
U101141,2.0,174.0,33.0,16.0,458.0,383.0,31.0,1.0,,5.0,5.0
U100845,6.0,420.0,82.0,41.0,1550.0,814.0,46.2,4.0,0.353,243.1,7.0
U100986,2.0,142.0,59.0,44.0,1285.0,480.0,59.6,2.0,0.426,474.5,3.0
U100227,6.0,506.0,122.0,83.0,3416.0,1223.0,86.9,7.0,0.37,577.9,8.0
U101192,5.0,261.0,86.0,71.0,1548.0,371.0,82.4,3.0,0.532,559.7,14.0
U100671,8.0,417.0,93.0,20.0,1218.0,777.0,71.4,5.0,0.231,423.3,8.0
U100858,2.0,150.0,23.0,23.0,989.0,375.0,60.9,1.0,0.394,316.1,13.0
U100924,4.0,327.0,69.0,42.0,1168.0,686.0,71.2,3.0,0.77,591.4,5.0
U100066,2.0,185.0,20.0,35.0,1029.0,424.0,74.3,3.0,0.738,255.3,7.0
U100067,4.0,385.0,74.0,75.0,2666.0,806.0,51.7,3.0,0.513,437.6,10.0
U100816,0.0,104.0,22.0,34.0,546.0,419.0,63.0,3.0,0.694,480.8,3.0
U100211,6.0,525.0,80.0,47.0,2438.0,1126.0,36.0,2.0,0.48,154.0,6.0
U100012,4.0,222.0,83.0,26.0,1120.0,718.0,85.4,5.0,0.306,532.3,11.0
U100493,10.0,537.0,124.0,43.0,1841.0,775.0,111.0,5.0,0.336,711.1,6.0
U101164,3.0,363.0,68.0,81.0,2010.0,1040.0,84.3,3.0,0.652,742.6,13.0
U100299,1.0,177.0,26.0,39.0,443.0,816.0,59.4,4.0,0.518,383.4,4.0
U100410,5.0,282.0,81.0,36.0,1147.0,376.0,71.2,2.0,0.621,431.6,12.0
U100756,8.0,481.0,116.0,60.0,861.0,687.0,76.0,2.0,,549.0,7.0
U101074,2.0,216.0,38.0,23.0,1559.0,555.0,45.7,2.0,0.562,274.4,12.0
U100695,0.0,153.0,24.0,0.0,526.0,687.0,66.2,3.0,0.416,386.8,5.0
U101150,5.0,435.0,111.0,44.0,750.0,1288.0,43.9,4.0,0.521,200.5,5.0
U100723,4.0,337.0,86.0,43.0,1438.0,861.0,57.2,2.0,0.694,445.7,2.0
U101015,1.0,232.0,25.0,32.0,743.0,474.0,58.6,3.0,0.802,450.5,8.0
U100527,5.0,338.0,95.0,28.0,2031.0,580.0,56.4,5.0,0.195,343.3,9.0
U100599,2.0,157.0,23.0,16.0,805.0,473.0,56.0,1.0,0.42,486.8,9.0
U101119,3.0,324.0,57.0,45.0,2350.0,314.0,60.7,2.0,0.425,324.3,3.0
U100566,5.0,338.0,96.0,59.0,5851.0,428.0,47.1,4.0,0.561,177.6,8.0
U100730,6.0,278.0,51.0,45.0,457.0,514.0,82.7,4.0,0.581,427.7,10.0
U100273,7.0,389.0,72.0,55.0,2998.0,731.0,87.8,7.0,0.265,527.4,14.0
U100966,1.0,317.0,68.0,68.0,1647.0,917.0,63.9,3.0,0.275,284.6,8.0
U100237,2.0,101.0,18.0,10.0,317.0,565.0,67.5,4.0,0.582,344.9,4.0
U100405,5.0,427.0,86.0,68.0,1009.0,845.0,67.3,4.0,0.425,538.5,3.0
U100002,3.0,251.0,78.0,57.0,1139.0,894.0,64.3,6.0,1.35,546.0,12.0
U100006,6.0,362.0,88.0,54.0,1527.0,597.0,88.2,3.0,0.225,777.6,3.0
U100311,0.0,169.0,56.0,60.0,1685.0,901.0,85.3,5.0,0.962,623.1,10.0
U101090,2.0,249.0,63.0,38.0,938.0,723.0,67.3,3.0,0.826,641.0,6.0
U100451,9.0,561.0,126.0,63.0,1824.0,,86.7,4.0,0.72,690.7,9.0
U100721,6.0,555.0,111.0,62.0,2459.0,1110.0,96.9,6.0,0.671,728.7,15.0
U100215,8.0,426.0,88.0,15.0,1194.0,723.0,88.3,5.0,0.549,460.5,7.0
U101085,4.0,416.0,78.0,76.0,1917.0,525.0,91.5,2.0,0.481,682.5,9.0
U100027,1.0,305.0,54.0,35.0,2131.0,707.0,75.7,5.0,0.388,330.8,8.0
U101157,4.0,356.0,84.0,69.0,1674.0,1204.0,111.9,6.0,0.778,731.2,12.0
U100361,2.0,194.0,83.0,41.0,627.0,833.0,53.7,5.0,1.35,443.2,13.0
U100822,4.0,357.0,76.0,30.0,817.0,384.0,70.3,2.0,0.364,426.6,17.0
U100780,0.0,71.0,,36.0,1188.0,776.0,77.6,4.0,0.67,796.3,13.0
U100628,1.0,171.0,31.0,24.0,1747.0,439.0,56.8,2.0,0.191,494.3,3.0
U100453,2.0,401.0,63.0,42.0,3992.0,866.0,133.6,7.0,0.523,814.2,8.0
U100738,4.0,215.0,48.0,16.0,1932.0,171.0,68.7,1.0,0.513,431.5,4.0
U100535,2.0,284.0,85.0,39.0,351.0,,56.6,5.0,0.575,299.0,8.0
U101049,3.0,311.0,90.0,86.0,679.0,1011.0,69.7,5.0,0.455,538.3,14.0
U100398,8.0,555.0,106.0,90.0,1239.0,1272.0,65.1,5.0,0.47,539.2,4.0
U100256,5.0,450.0,111.0,67.0,2162.0,1254.0,69.1,,0.215,429.0,3.0
U100291,2.0,301.0,50.0,48.0,4687.0,570.0,59.3,4.0,0.183,465.8,11.0
U100025,2.0,254.0,70.0,56.0,2764.0,615.0,60.9,3.0,0.892,369.7,4.0
U100336,3.0,490.0,61.0,48.0,8923.0,678.0,66.1,3.0,0.667,578.4,9.0
U100584,1.0,203.0,60.0,40.0,1245.0,979.0,82.9,6.0,0.458,719.5,10.0
U100047,11.0,425.0,87.0,22.0,1519.0,300.0,93.6,5.0,0.424,448.1,6.0
U100318,7.0,603.0,,87.0,7336.0,992.0,78.9,7.0,0.214,448.6,6.0
U100106,1.0,163.0,32.0,25.0,4812.0,531.0,55.4,3.0,0.436,620.4,5.0
U100798,5.0,339.0,65.0,67.0,1469.0,863.0,84.6,6.0,0.357,695.3,2.0
U100055,3.0,195.0,45.0,28.0,901.0,356.0,62.6,2.0,0.453,550.8,10.0
U100522,3.0,221.0,54.0,30.0,2176.0,944.0,81.4,6.0,0.118,409.6,11.0
U100213,1.0,290.0,60.0,63.0,1875.0,864.0,75.0,3.0,0.281,682.7,14.0
U100120,2.0,162.0,19.0,26.0,736.0,474.0,43.4,2.0,0.648,323.8,14.0
U100917,6.0,556.0,104.0,43.0,1606.0,873.0,77.2,5.0,0.277,510.7,4.0
U101067,4.0,287.0,69.0,29.0,638.0,1062.0,114.7,4.0,0.386,862.9,2.0
U101117,4.0,302.0,80.0,36.0,1108.0,743.0,60.1,3.0,0.428,499.9,6.0
U100072,5.0,250.0,60.0,27.0,899.0,514.0,37.9,2.0,0.772,193.1,5.0
U100947,0.0,139.0,24.0,25.0,2358.0,429.0,32.8,1.0,0.648,60.3,5.0
U100746,4.0,415.0,92.0,67.0,5975.0,748.0,79.7,6.0,0.385,731.1,6.0
U100715,3.0,200.0,27.0,12.0,1309.0,209.0,35.6,2.0,0.325,335.1,1.0
U100557,4.0,430.0,105.0,52.0,2635.0,869.0,64.3,3.0,0.755,388.4,6.0
U101081,8.0,491.0,103.0,52.0,2683.0,862.0,66.1,5.0,0.665,320.8,7.0
U101045,3.0,205.0,68.0,28.0,678.0,421.0,60.0,3.0,0.326,600.4,13.0
U100552,4.0,290.0,54.0,49.0,544.0,658.0,80.2,4.0,0.472,694.3,7.0
U100561,3.0,215.0,41.0,45.0,1306.0,840.0,69.9,5.0,0.24,491.3,3.0
U100424,3.0,259.0,68.0,43.0,1410.0,426.0,42.6,3.0,0.38,539.9,6.0
U101013,2.0,324.0,85.0,38.0,933.0,789.0,49.3,1.0,0.418,649.9,10.0
U100325,2.0,431.0,54.0,62.0,6013.0,961.0,119.8,6.0,0.586,715.8,13.0
U100923,7.0,455.0,83.0,70.0,3432.0,697.0,90.0,3.0,0.477,698.9,15.0
U100316,4.0,288.0,67.0,33.0,1906.0,696.0,95.6,5.0,0.555,618.5,4.0
U100803,5.0,463.0,68.0,62.0,6884.0,739.0,102.9,4.0,0.392,597.1,14.0
U101162,4.0,284.0,91.0,26.0,1032.0,442.0,77.6,3.0,0.802,641.5,5.0
U100528,3.0,320.0,66.0,50.0,761.0,956.0,70.0,5.0,0.536,549.6,6.0
U100836,4.0,265.0,72.0,58.0,1226.0,697.0,68.1,3.0,0.251,442.4,10.0
U100714,3.0,393.0,56.0,63.0,1432.0,829.0,65.1,3.0,0.555,368.7,7.0
U100900,5.0,508.0,103.0,61.0,4071.0,788.0,63.2,5.0,0.349,533.8,2.0
U100060,2.0,208.0,58.0,29.0,530.0,702.0,42.0,1.0,0.367,126.0,3.0
U100722,1.0,121.0,2.0,20.0,288.0,113.0,25.1,1.0,0.074,60.0,6.0
U100092,8.0,499.0,96.0,50.0,1214.0,715.0,34.5,3.0,0.399,123.0,2.0
U100857,6.0,340.0,55.0,63.0,2539.0,309.0,90.5,5.0,0.849,280.8,
U100618,4.0,384.0,67.0,53.0,2531.0,490.0,65.0,2.0,0.687,540.7,5.0
U100351,4.0,243.0,63.0,54.0,506.0,735.0,103.1,6.0,0.761,609.6,2.0
U100932,1.0,171.0,44.0,27.0,502.0,939.0,,6.0,0.588,779.5,4.0
U100280,4.0,472.0,108.0,69.0,3419.0,977.0,70.9,5.0,0.407,128.1,7.0
U100420,6.0,485.0,89.0,33.0,1483.0,1021.0,91.9,5.0,0.813,707.1,8.0
U101114,8.0,486.0,94.0,60.0,1334.0,750.0,67.0,5.0,0.637,582.6,7.0
U100359,9.0,555.0,120.0,50.0,1837.0,783.0,50.0,4.0,0.4,178.5,3.0
U100422,6.0,471.0,98.0,72.0,,689.0,56.0,3.0,0.182,571.5,2.0
U100678,3.0,429.0,85.0,60.0,987.0,1227.0,80.4,5.0,0.168,755.6,4.0
U100526,4.0,339.0,84.0,61.0,1553.0,619.0,127.6,6.0,0.5,884.9,
U100477,1.0,157.0,46.0,34.0,554.0,698.0,39.3,3.0,0.431,245.8,1.0
U101094,3.0,502.0,65.0,74.0,6296.0,791.0,65.2,3.0,0.655,355.3,9.0
U100182,4.0,270.0,58.0,47.0,983.0,669.0,61.6,4.0,0.345,268.5,3.0
U101091,3.0,392.0,107.0,38.0,4333.0,1077.0,91.8,4.0,0.691,686.0,6.0
U100432,6.0,391.0,70.0,47.0,3273.0,725.0,58.5,,0.717,348.3,9.0
U100110,4.0,181.0,55.0,22.0,827.0,626.0,72.5,5.0,0.442,355.2,8.0
U100370,5.0,363.0,109.0,68.0,792.0,825.0,64.4,5.0,0.211,559.3,15.0
U100239,0.0,277.0,40.0,44.0,439.0,762.0,52.3,2.0,0.626,269.7,4.0
U100708,2.0,170.0,22.0,25.0,598.0,557.0,72.7,3.0,0.86,445.9,9.0
U100629,4.0,270.0,39.0,17.0,437.0,531.0,65.0,1.0,0.689,878.2,4.0
U100593,5.0,318.0,72.0,53.0,2155.0,285.0,35.5,1.0,0.268,165.8,13.0
U100485,6.0,392.0,95.0,80.0,1247.0,877.0,68.9,2.0,0.414,495.3,5.0
U100700,2.0,252.0,56.0,48.0,1290.0,794.0,93.1,5.0,0.463,480.3,9.0
U100261,5.0,324.0,85.0,17.0,799.0,363.0,90.5,5.0,0.741,541.9,7.0
U100479,7.0,377.0,86.0,71.0,881.0,1188.0,101.8,,0.29,801.0,12.0
U100649,3.0,320.0,51.0,87.0,3175.0,635.0,87.6,3.0,0.539,631.7,1.0
U100339,4.0,438.0,107.0,104.0,4656.0,1031.0,98.9,5.0,0.766,681.9,11.0
U100668,5.0,289.0,61.0,71.0,1750.0,415.0,61.4,2.0,0.778,641.4,4.0
U100551,3.0,326.0,59.0,82.0,3755.0,834.0,102.3,4.0,0.929,685.3,10.0
U100458,2.0,374.0,91.0,57.0,2911.0,868.0,54.0,5.0,0.585,379.0,4.0
U100183,1.0,269.0,29.0,64.0,2885.0,843.0,118.8,5.0,0.862,809.4,14.0
U100137,4.0,454.0,71.0,41.0,416.0,981.0,82.8,6.0,0.734,166.4,0.0
U101160,3.0,310.0,85.0,58.0,3080.0,943.0,21.9,2.0,0.329,436.6,2.0
U100706,2.0,238.0,44.0,51.0,3829.0,380.0,35.9,2.0,0.442,397.1,4.0
U100581,4.0,263.0,67.0,53.0,1706.0,426.0,51.8,2.0,0.455,298.1,7.0
U100080,6.0,412.0,129.0,66.0,1539.0,1044.0,71.6,5.0,0.494,369.2,10.0
U100768,0.0,154.0,13.0,12.0,468.0,624.0,42.1,2.0,0.447,293.3,11.0
U100869,3.0,227.0,47.0,33.0,1687.0,884.0,61.0,5.0,0.693,460.7,11.0
U100761,3.0,279.0,46.0,74.0,3075.0,707.0,90.8,5.0,0.809,887.1,7.0
U100029,,352.0,80.0,72.0,1896.0,862.0,65.7,5.0,0.655,150.0,2.0
U100541,4.0,398.0,97.0,58.0,2484.0,796.0,81.7,2.0,0.983,626.6,7.0
U100165,2.0,297.0,49.0,36.0,197.0,498.0,53.2,2.0,0.542,530.8,14.0
U100248,8.0,442.0,98.0,83.0,1963.0,1183.0,118.3,7.0,0.619,648.8,11.0
U100307,3.0,241.0,58.0,30.0,769.0,916.0,82.6,7.0,0.383,563.2,8.0
U100447,7.0,520.0,136.0,50.0,2959.0,1072.0,72.5,4.0,0.191,590.6,11.0
U100346,7.0,377.0,,42.0,1252.0,328.0,67.7,3.0,0.866,686.3,11.0
U100334,4.0,510.0,102.0,69.0,4768.0,967.0,66.1,5.0,0.658,348.2,7.0
U100285,4.0,223.0,42.0,21.0,1701.0,344.0,97.9,3.0,0.18,617.5,3.0
U100949,3.0,211.0,9.0,20.0,432.0,85.0,21.7,1.0,0.335,244.4,7.0
U100097,0.0,96.0,21.0,11.0,1051.0,350.0,46.9,2.0,0.408,657.1,
U100467,7.0,438.0,113.0,56.0,2846.0,977.0,76.1,7.0,0.52,217.9,5.0
U101036,5.0,383.0,66.0,34.0,1389.0,919.0,78.6,6.0,0.339,613.5,5.0
U100912,5.0,415.0,99.0,74.0,3487.0,773.0,97.1,6.0,0.549,630.3,12.0
U100755,4.0,375.0,39.0,3.0,700.0,979.0,90.2,6.0,0.129,526.5,8.0
U100944,2.0,192.0,32.0,35.0,555.0,806.0,86.8,5.0,0.485,495.3,10.0
U100613,7.0,523.0,108.0,51.0,4820.0,719.0,80.6,5.0,0.542,724.0,3.0
U100801,4.0,226.0,62.0,52.0,3438.0,469.0,69.5,3.0,0.86,683.5,16.0
U100757,3.0,273.0,38.0,44.0,1607.0,725.0,86.5,5.0,0.615,524.9,6.0
U100688,3.0,191.0,44.0,18.0,441.0,243.0,60.9,3.0,0.28,354.7,9.0
U100065,5.0,387.0,83.0,44.0,476.0,1049.0,84.8,6.0,0.239,583.6,11.0
U100793,5.0,412.0,102.0,35.0,996.0,937.0,75.8,4.0,0.125,522.8,6.0
U100743,1.0,82.0,24.0,0.0,936.0,80.0,9.4,2.0,0.292,101.8,3.0
U100567,2.0,251.0,52.0,37.0,656.0,875.0,61.9,4.0,0.169,513.5,10.0
U101083,2.0,352.0,57.0,88.0,3912.0,840.0,82.3,5.0,0.172,355.5,10.0
U101098,5.0,284.0,70.0,39.0,68310.0,828.0,105.8,6.0,0.421,578.4,6.0
U100302,2.0,378.0,77.0,70.0,2035.0,1210.0,88.8,5.0,0.719,568.9,4.0
U100254,2.0,286.0,52.0,47.0,1360.0,1020.0,83.8,4.0,0.687,428.4,7.0
U100958,6.0,317.0,75.0,41.0,652.0,945.0,103.3,4.0,0.838,520.2,7.0
U101023,5.0,386.0,74.0,40.0,2011.0,706.0,85.4,5.0,0.785,395.7,10.0
U100312,4.0,509.0,87.0,71.0,1624.0,1248.0,99.9,7.0,0.332,632.1,15.0
U100529,4.0,357.0,85.0,63.0,977.0,1256.0,95.0,6.0,0.312,597.6,3.0
U100221,4.0,263.0,54.0,42.0,480.0,822.0,104.0,4.0,0.721,889.2,4.0
U100388,5.0,257.0,64.0,30.0,2511.0,585.0,73.4,5.0,,487.1,3.0
U100235,7.0,464.0,79.0,69.0,1205.0,553.0,52.8,3.0,0.279,244.3,4.0
U100809,4.0,345.0,106.0,27.0,1799.0,808.0,70.9,5.0,0.132,453.8,7.0
U100482,4.0,258.0,70.0,57.0,1659.0,746.0,51.8,4.0,0.591,368.2,5.0
U100712,8.0,460.0,95.0,46.0,1318.0,511.0,45.6,2.0,0.407,184.1,5.0
U100305,2.0,300.0,64.0,27.0,495.0,811.0,49.1,2.0,0.788,380.2,8.0
U101110,13.0,688.0,160.0,68.0,972.0,1089.0,119.2,6.0,0.75,743.8,10.0
U101089,1.0,154.0,48.0,13.0,1761.0,284.0,38.1,4.0,0.208,420.3,2.0
U100771,,317.0,67.0,65.0,1498.0,883.0,74.5,6.0,0.377,526.7,12.0
U100916,4.0,263.0,70.0,62.0,2161.0,1107.0,106.9,7.0,0.367,683.1,9.0
U101138,7.0,457.0,108.0,64.0,603.0,953.0,88.5,4.0,0.749,553.2,9.0
U100249,4.0,235.0,43.0,56.0,3256.0,602.0,42.9,2.0,0.302,468.8,6.0
U100759,4.0,235.0,41.0,44.0,1289.0,856.0,91.7,5.0,0.81,370.3,14.0
U100594,2.0,126.0,6.0,41.0,642.0,237.0,59.8,2.0,0.878,448.1,8.0
U100071,2.0,292.0,62.0,35.0,1975.0,807.0,54.1,2.0,0.613,446.2,4.0
U100094,1.0,203.0,37.0,41.0,535.0,529.0,41.8,2.0,0.583,178.8,6.0
U100545,1.0,168.0,59.0,50.0,1872.0,527.0,42.0,3.0,0.333,268.7,3.0
U100033,4.0,281.0,61.0,61.0,1621.0,566.0,37.8,3.0,0.461,292.7,6.0
U100861,1.0,278.0,81.0,58.0,690.0,799.0,56.2,2.0,1.35,359.9,4.0
U100578,1.0,155.0,28.0,40.0,436.0,485.0,55.7,3.0,0.421,290.1,2.0
U100448,6.0,475.0,73.0,77.0,2013.0,779.0,95.2,6.0,0.303,679.1,10.0
U100445,1.0,52.0,57.0,10.0,643.0,560.0,59.8,2.0,0.556,265.8,6.0
U100259,6.0,369.0,58.0,45.0,1135.0,379.0,64.5,2.0,0.552,331.9,4.0
U100204,1.0,112.0,29.0,28.0,1611.0,465.0,39.4,2.0,0.81,323.5,8.0
U100572,2.0,139.0,30.0,51.0,1102.0,604.0,64.9,5.0,0.561,466.1,12.0
U100823,1.0,172.0,51.0,23.0,302.0,413.0,37.7,1.0,0.391,67.2,6.0
U100585,5.0,486.0,88.0,59.0,1875.0,1043.0,95.8,7.0,0.513,693.1,10.0
U100365,4.0,300.0,49.0,53.0,1416.0,700.0,84.4,6.0,0.512,393.6,12.0
U100811,2.0,339.0,96.0,64.0,1014.0,680.0,43.1,3.0,0.628,257.7,5.0
U100077,5.0,520.0,117.0,68.0,2077.0,996.0,86.2,5.0,0.871,588.5,11.0
U100084,0.0,157.0,50.0,24.0,622.0,571.0,59.2,2.0,0.444,333.6,4.0
U100538,0.0,65.0,17.0,17.0,390.0,304.0,44.3,1.0,0.273,180.1,4.0
U100082,3.0,198.0,46.0,41.0,2534.0,343.0,79.9,3.0,0.528,318.2,5.0
U100457,5.0,164.0,62.0,40.0,488.0,243.0,63.2,3.0,0.562,261.4,5.0
U101137,5.0,429.0,92.0,,1350.0,1057.0,83.1,4.0,0.638,606.2,7.0
U100614,1.0,258.0,33.0,40.0,590.0,496.0,83.9,2.0,0.587,581.9,18.0
U101185,5.0,298.0,63.0,44.0,2885.0,419.0,34.2,2.0,0.203,247.4,5.0
U101075,2.0,101.0,8.0,49.0,524.0,436.0,99.3,5.0,0.844,749.7,1.0
U100736,6.0,407.0,91.0,63.0,2901.0,875.0,79.9,5.0,0.361,269.5,16.0
U100436,2.0,77.0,28.0,24.0,1015.0,417.0,55.6,3.0,0.971,340.4,9.0
U100554,0.0,306.0,50.0,67.0,1405.0,908.0,69.0,3.0,0.46,532.7,6.0
U101079,3.0,203.0,45.0,31.0,895.0,542.0,107.8,6.0,0.141,690.3,9.0
U101061,2.0,194.0,43.0,45.0,1378.0,1159.0,102.3,6.0,0.177,635.0,10.0
U100350,4.0,274.0,36.0,51.0,1921.0,303.0,105.4,4.0,0.219,602.5,12.0
U100196,6.0,564.0,99.0,74.0,3844.0,996.0,82.4,5.0,0.247,400.7,16.0
U100464,4.0,333.0,54.0,32.0,2407.0,858.0,40.4,2.0,0.421,111.8,5.0
U100588,1.0,271.0,49.0,55.0,1933.0,545.0,63.5,5.0,0.441,251.8,4.0
U100005,0.0,0.0,17.0,18.0,331.0,543.0,52.7,3.0,0.633,254.9,5.0
U100310,8.0,581.0,97.0,52.0,4485.0,847.0,97.8,6.0,0.778,481.6,9.0
U100661,5.0,277.0,57.0,20.0,,793.0,85.6,3.0,0.887,378.5,18.0
U100404,2.0,238.0,45.0,29.0,604.0,916.0,54.7,5.0,0.906,322.1,4.0
U101195,6.0,347.0,91.0,78.0,780.0,763.0,93.1,7.0,0.182,412.9,12.0
U101043,6.0,500.0,109.0,52.0,1561.0,947.0,73.9,3.0,0.134,529.2,11.0
U101057,3.0,298.0,41.0,39.0,1545.0,898.0,81.0,5.0,0.528,418.5,8.0
U100104,4.0,318.0,78.0,62.0,1293.0,362.0,77.7,2.0,0.758,671.4,12.0
U100536,0.0,118.0,24.0,9.0,724.0,514.0,74.0,3.0,0.811,684.2,3.0
U100605,5.0,190.0,65.0,32.0,1057.0,417.0,105.4,4.0,0.486,607.7,
U100062,3.0,335.0,62.0,73.0,2596.0,679.0,90.2,,0.412,652.5,11.0
U100281,2.0,260.0,32.0,21.0,1745.0,299.0,24.3,1.0,0.481,287.9,9.0
U101055,6.0,486.0,77.0,46.0,2683.0,912.0,86.0,6.0,0.431,550.6,4.0
U100238,1.0,190.0,12.0,30.0,1473.0,220.0,,2.0,0.136,114.1,5.0
U100223,3.0,384.0,68.0,66.0,2014.0,666.0,45.9,2.0,0.231,205.9,14.0
U100145,2.0,253.0,85.0,69.0,1445.0,885.0,88.4,3.0,0.504,770.3,15.0
U101118,6.0,714.0,131.0,82.0,8865.0,1253.0,83.1,4.0,0.329,623.3,7.0
U100373,0.0,249.0,78.0,53.0,2274.0,972.0,82.2,5.0,0.515,405.5,8.0
U100118,5.0,384.0,97.0,64.0,1725.0,826.0,132.3,6.0,0.574,761.4,8.0
U100802,6.0,496.0,87.0,52.0,3471.0,857.0,80.2,5.0,0.392,692.8,4.0
U100250,1.0,143.0,24.0,32.0,494.0,639.0,84.2,4.0,0.699,483.9,7.0
U101156,4.0,298.0,73.0,71.0,483.0,680.0,67.5,3.0,0.581,251.8,11.0
U100009,0.0,195.0,38.0,33.0,839.0,631.0,60.9,2.0,0.361,371.5,6.0
U100449,7.0,457.0,72.0,59.0,2469.0,860.0,73.3,5.0,0.658,456.8,8.0
U100873,8.0,435.0,96.0,29.0,1098.0,451.0,52.1,4.0,0.762,464.4,5.0
U100389,1.0,217.0,46.0,12.0,1687.0,494.0,25.8,2.0,0.563,167.3,3.0
U100965,0.0,264.0,50.0,42.0,883.0,696.0,63.9,2.0,0.311,513.9,8.0
U100460,6.0,608.0,110.0,59.0,2479.0,1245.0,84.4,5.0,0.514,636.2,12.0
U101146,7.0,423.0,115.0,75.0,1250.0,915.0,108.3,5.0,0.878,687.4,14.0
U100144,1.0,200.0,28.0,3.0,1472.0,529.0,95.0,2.0,0.949,505.5,7.0
U100501,3.0,292.0,83.0,46.0,1449.0,724.0,83.9,6.0,0.563,396.9,6.0
U101107,3.0,358.0,56.0,49.0,2719.0,539.0,42.6,2.0,0.509,292.4,8.0
U100539,2.0,212.0,75.0,46.0,1005.0,494.0,75.1,4.0,0.265,516.5,7.0
U100177,3.0,413.0,76.0,40.0,656.0,920.0,82.7,5.0,0.743,505.3,7.0
U101158,2.0,247.0,46.0,48.0,2092.0,527.0,22.4,1.0,0.225,99.8,2.0
U101050,1.0,189.0,14.0,10.0,418.0,296.0,69.6,3.0,0.444,449.1,11.0
U100583,6.0,324.0,50.0,14.0,1324.0,352.0,72.3,3.0,0.853,455.2,7.0
U101194,6.0,449.0,80.0,68.0,,956.0,80.9,7.0,0.574,583.9,9.0
U100007,2.0,229.0,40.0,30.0,1707.0,354.0,,2.0,0.645,426.1,1.0
U100573,5.0,451.0,108.0,50.0,1283.0,776.0,40.2,2.0,0.291,236.7,8.0
U100842,8.0,577.0,144.0,88.0,2305.0,1279.0,103.8,7.0,0.566,697.2,9.0
U100357,4.0,504.0,89.0,66.0,4257.0,851.0,90.0,6.0,0.521,702.1,9.0
U100329,3.0,272.0,60.0,30.0,1817.0,675.0,64.3,3.0,0.114,313.6,12.0
U100704,6.0,504.0,96.0,79.0,,957.0,103.4,6.0,0.459,625.4,8.0
U100829,2.0,129.0,38.0,3.0,262.0,331.0,56.0,1.0,0.141,575.1,4.0
U100258,0.0,292.0,25.0,76.0,3592.0,896.0,73.0,2.0,0.379,532.2,3.0
U100890,2.0,191.0,38.0,44.0,916.0,772.0,89.1,2.0,0.754,686.9,10.0
U100833,6.0,334.0,91.0,38.0,2137.0,560.0,83.4,4.0,0.429,584.8,2.0
U101187,4.0,415.0,91.0,64.0,1059.0,872.0,78.4,5.0,0.324,477.5,6.0
U100904,6.0,408.0,61.0,71.0,3165.0,657.0,45.8,4.0,0.491,170.7,7.0
U100525,2.0,253.0,52.0,65.0,2558.0,813.0,77.2,4.0,0.599,687.3,14.0
U100813,4.0,355.0,81.0,10.0,193.0,810.0,62.6,2.0,,596.0,7.0
U100731,1.0,184.0,52.0,,1574.0,642.0,66.6,4.0,0.187,516.4,13.0
U101031,5.0,369.0,75.0,64.0,4377.0,764.0,74.7,4.0,0.246,422.4,8.0
U101140,4.0,550.0,92.0,96.0,6785.0,1274.0,79.4,6.0,0.417,340.1,4.0
U100440,2.0,95.0,44.0,29.0,858.0,,78.1,4.0,0.512,710.3,8.0
U100531,5.0,290.0,59.0,59.0,986.0,554.0,59.7,2.0,0.485,469.5,5.0
U100959,5.0,285.0,90.0,41.0,927.0,657.0,33.2,5.0,0.344,138.5,4.0
U100228,1.0,103.0,58.0,70.0,531.0,797.0,70.4,3.0,0.489,445.2,9.0
U101040,4.0,345.0,89.0,69.0,1738.0,638.0,68.3,2.0,0.62,347.9,9.0
U100212,0.0,95.0,9.0,6.0,1230.0,407.0,41.6,4.0,0.324,183.3,10.0
U100079,3.0,289.0,76.0,37.0,3203.0,439.0,58.1,3.0,0.197,313.5,6.0
U100148,3.0,317.0,98.0,49.0,68310.0,1133.0,71.4,6.0,0.311,511.1,2.0
U100591,7.0,446.0,74.0,65.0,2874.0,686.0,66.8,5.0,0.736,312.9,13.0
U100707,3.0,347.0,88.0,52.0,599.0,935.0,74.9,6.0,0.848,311.9,6.0
U100589,5.0,574.0,83.0,101.0,3768.0,1142.0,90.3,5.0,0.576,687.5,15.0
U100133,1.0,241.0,52.0,63.0,1717.0,782.0,65.0,4.0,0.14,632.4,4.0
U100781,2.0,233.0,47.0,9.0,998.0,481.0,69.8,4.0,0.466,530.3,3.0
U100408,0.0,122.0,7.0,32.0,1133.0,360.0,39.8,2.0,0.605,208.0,3.0
U100969,3.0,296.0,77.0,57.0,957.0,732.0,70.4,4.0,0.367,411.1,6.0
U100507,4.0,371.0,75.0,60.0,536.0,771.0,85.0,5.0,0.82,471.0,11.0
U100876,3.0,333.0,65.0,56.0,1744.0,645.0,63.3,5.0,0.266,284.9,4.0
U100504,3.0,213.0,71.0,25.0,996.0,472.0,47.8,1.0,0.462,539.1,8.0
U100718,2.0,201.0,46.0,22.0,1475.0,590.0,62.1,4.0,0.411,548.6,0.0
U100347,2.0,282.0,53.0,0.0,2349.0,757.0,82.8,3.0,0.19,387.5,5.0
U100386,1.0,14.0,16.0,0.0,646.0,317.0,73.5,4.0,0.682,569.8,11.0
U100000,3.0,220.0,65.0,8.0,575.0,607.0,81.6,5.0,0.757,437.9,11.0
U100360,3.0,254.0,64.0,48.0,1393.0,686.0,75.0,4.0,0.893,512.6,5.0
U101133,6.0,471.0,121.0,71.0,3527.0,950.0,79.1,6.0,0.332,491.7,8.0
U100475,1.0,166.0,1.0,15.0,257.0,441.0,44.1,3.0,0.591,197.8,3.0
U100777,7.0,490.0,91.0,47.0,2742.0,857.0,79.1,5.0,0.535,381.7,6.0
U100753,5.0,394.0,100.0,58.0,6818.0,1133.0,89.8,7.0,0.324,424.4,7.0
U100172,4.0,414.0,68.0,68.0,4463.0,634.0,72.2,3.0,0.637,562.7,4.0
U100450,2.0,223.0,57.0,45.0,466.0,839.0,67.8,3.0,0.784,422.4,13.0
U100125,6.0,496.0,93.0,62.0,2412.0,978.0,95.8,5.0,0.726,773.6,4.0
U100930,6.0,469.0,112.0,45.0,2015.0,853.0,72.4,3.0,0.727,227.2,5.0
U100530,2.0,218.0,61.0,37.0,657.0,922.0,78.0,2.0,0.825,553.2,7.0
U100090,4.0,412.0,68.0,49.0,3603.0,768.0,95.9,5.0,0.572,684.8,13.0
U101161,6.0,418.0,76.0,35.0,779.0,398.0,80.9,2.0,0.76,346.0,7.0
U100181,3.0,153.0,31.0,29.0,899.0,289.0,74.3,6.0,0.377,397.0,11.0
U101026,0.0,18.0,15.0,30.0,765.0,340.0,36.7,1.0,0.59,474.0,8.0
U100999,2.0,294.0,43.0,64.0,1267.0,709.0,116.4,6.0,0.412,658.4,10.0
U100251,0.0,195.0,50.0,22.0,456.0,874.0,60.9,5.0,0.186,454.0,7.0
U100069,4.0,260.0,81.0,46.0,986.0,829.0,84.1,3.0,0.42,494.1,7.0
U100131,0.0,104.0,32.0,35.0,1960.0,333.0,52.5,2.0,0.62,185.4,6.0
U100300,6.0,427.0,113.0,84.0,1455.0,1039.0,102.8,6.0,0.549,558.3,14.0
U101132,7.0,534.0,74.0,38.0,3221.0,,62.0,2.0,0.831,476.6,2.0
U100326,1.0,258.0,78.0,39.0,842.0,653.0,80.6,2.0,0.541,480.6,4.0
U101019,3.0,239.0,46.0,65.0,3167.0,467.0,95.6,5.0,0.628,698.0,9.0
U100499,9.0,435.0,109.0,15.0,1101.0,351.0,49.5,2.0,0.486,441.7,13.0
U100665,1.0,183.0,41.0,28.0,1489.0,568.0,44.6,2.0,0.6,351.3,8.0
U100918,8.0,551.0,125.0,81.0,1016.0,1164.0,96.4,6.0,0.589,721.5,8.0
U100495,5.0,451.0,125.0,69.0,1484.0,939.0,92.9,6.0,0.123,724.8,1.0
U100338,8.0,491.0,110.0,65.0,3119.0,780.0,85.1,6.0,0.503,650.8,5.0
U100963,5.0,337.0,83.0,36.0,832.0,618.0,92.3,5.0,0.786,723.3,8.0
U100164,8.0,409.0,100.0,64.0,826.0,864.0,71.2,5.0,0.588,440.0,10.0
U100028,5.0,429.0,97.0,61.0,1340.0,906.0,86.1,5.0,0.68,731.2,6.0
U100516,8.0,678.0,111.0,63.0,11385.0,810.0,78.9,5.0,0.67,714.3,7.0
U100193,9.0,590.0,137.0,76.0,2117.0,,94.2,6.0,0.807,579.5,9.0
U101103,4.0,300.0,82.0,33.0,1479.0,861.0,86.0,6.0,0.454,608.7,9.0
U100169,9.0,563.0,108.0,56.0,1451.0,880.0,62.7,4.0,0.438,485.0,12.0
U101058,2.0,268.0,64.0,42.0,829.0,1011.0,74.6,4.0,0.372,600.4,13.0
U100173,2.0,115.0,36.0,26.0,645.0,484.0,33.7,2.0,0.463,145.3,3.0
U100518,2.0,288.0,70.0,55.0,666.0,862.0,60.9,6.0,0.334,224.6,6.0
U100968,7.0,362.0,,34.0,669.0,664.0,74.2,6.0,0.569,532.3,13.0
U100701,0.0,225.0,55.0,42.0,1986.0,895.0,46.3,5.0,0.577,246.6,14.0
U100491,1.0,159.0,33.0,46.0,2215.0,407.0,75.5,4.0,0.477,460.9,1.0
U100073,5.0,448.0,89.0,49.0,5668.0,1003.0,69.7,6.0,0.228,192.1,8.0
U100980,4.0,452.0,97.0,64.0,1618.0,1007.0,80.9,5.0,0.398,462.1,16.0
U100587,3.0,294.0,59.0,47.0,3700.0,167.0,40.3,3.0,,314.0,6.0
U100234,0.0,148.0,37.0,46.0,1311.0,512.0,68.3,3.0,0.57,625.0,6.0
U100214,0.0,310.0,49.0,55.0,830.0,903.0,84.6,3.0,0.517,543.7,8.0
U100946,2.0,177.0,46.0,,1033.0,461.0,41.3,5.0,0.113,26.7,7.0
U100132,7.0,454.0,123.0,61.0,2378.0,1017.0,109.0,6.0,0.979,675.8,14.0
U101155,3.0,171.0,49.0,50.0,431.0,262.0,77.4,4.0,0.219,413.9,8.0
U100732,5.0,267.0,88.0,51.0,1766.0,420.0,100.0,5.0,0.812,673.3,7.0
U100940,5.0,386.0,79.0,53.0,2896.0,475.0,93.6,4.0,0.881,555.4,6.0
U100185,12.0,728.0,155.0,76.0,5010.0,995.0,78.1,6.0,0.242,594.6,3.0
U100041,8.0,423.0,98.0,50.0,2116.0,555.0,86.7,5.0,0.875,508.2,6.0
U100108,4.0,201.0,35.0,29.0,338.0,423.0,,5.0,0.439,450.4,8.0
U100848,7.0,359.0,80.0,35.0,2021.0,621.0,62.7,3.0,0.6,129.8,2.0
U100568,2.0,316.0,48.0,52.0,3142.0,591.0,63.9,5.0,0.271,523.1,8.0
U100650,7.0,446.0,100.0,87.0,3571.0,862.0,88.9,7.0,0.392,606.2,8.0
U101000,5.0,343.0,58.0,50.0,2947.0,795.0,53.3,3.0,0.732,390.9,7.0
U101165,6.0,520.0,125.0,73.0,3866.0,884.0,75.9,2.0,0.442,553.5,10.0
U100483,3.0,404.0,100.0,77.0,1423.0,1135.0,80.0,6.0,0.14,557.1,15.0
U100468,5.0,477.0,91.0,88.0,1688.0,843.0,78.1,6.0,0.483,768.6,14.0
U100024,2.0,149.0,14.0,56.0,1387.0,487.0,69.8,2.0,0.39,583.7,2.0
U100660,5.0,336.0,47.0,66.0,3213.0,773.0,59.7,2.0,0.474,480.2,10.0
U100679,2.0,148.0,42.0,30.0,1363.0,579.0,41.2,4.0,0.183,242.4,10.0
U100752,2.0,132.0,28.0,38.0,587.0,273.0,60.8,2.0,0.691,453.2,1.0
U100993,3.0,359.0,74.0,57.0,1339.0,1059.0,94.0,7.0,0.345,739.5,9.0
U100366,1.0,160.0,17.0,29.0,496.0,208.0,52.0,3.0,0.138,56.4,11.0
U100839,2.0,299.0,87.0,42.0,1253.0,552.0,71.1,4.0,0.43,530.2,10.0
U101052,6.0,437.0,74.0,,1312.0,904.0,80.1,4.0,0.794,518.0,7.0
U100383,5.0,229.0,51.0,45.0,765.0,277.0,77.4,2.0,0.121,767.7,3.0
U100454,7.0,413.0,90.0,33.0,1305.0,651.0,95.4,4.0,0.911,670.6,11.0
U100264,5.0,491.0,94.0,43.0,2171.0,1192.0,69.6,5.0,0.368,310.9,8.0
U100760,4.0,387.0,100.0,61.0,567.0,1167.0,105.9,6.0,0.346,787.2,14.0
U100979,4.0,379.0,58.0,34.0,5372.0,748.0,59.3,3.0,0.661,424.7,6.0
U100444,1.0,61.0,13.0,37.0,593.0,425.0,52.0,3.0,0.386,544.0,10.0
U100395,4.0,443.0,91.0,63.0,5980.0,1057.0,81.7,4.0,0.352,581.9,8.0
U100741,7.0,498.0,92.0,58.0,3110.0,971.0,91.8,6.0,0.74,703.4,21.0
U100176,6.0,461.0,91.0,66.0,1282.0,982.0,82.6,6.0,0.29,561.0,8.0
U100018,,309.0,85.0,43.0,2938.0,844.0,104.2,6.0,0.427,668.1,9.0
U100948,7.0,467.0,99.0,53.0,4759.0,691.0,68.3,5.0,0.627,348.2,14.0
U100814,9.0,585.0,139.0,67.0,1936.0,995.0,74.6,4.0,0.295,492.2,14.0
U100595,1.0,221.0,43.0,38.0,670.0,513.0,57.0,3.0,0.088,486.6,8.0
U100061,1.0,164.0,45.0,42.0,903.0,666.0,74.5,3.0,0.629,569.6,8.0
U100272,3.0,206.0,81.0,42.0,451.0,823.0,68.2,3.0,0.468,666.9,13.0
U101125,6.0,413.0,94.0,97.0,3957.0,837.0,49.6,3.0,0.363,332.9,9.0
U100278,4.0,286.0,77.0,12.0,1289.0,1065.0,86.5,5.0,0.523,627.4,9.0
U100841,2.0,336.0,48.0,52.0,839.0,788.0,45.2,5.0,0.064,172.4,1.0
U100368,4.0,372.0,81.0,69.0,2697.0,919.0,74.9,5.0,0.34,649.9,3.0
U100886,3.0,320.0,71.0,20.0,2213.0,865.0,109.2,6.0,0.641,769.4,15.0
U101014,2.0,139.0,27.0,6.0,310.0,114.0,49.0,2.0,0.429,499.2,10.0
U100859,4.0,381.0,59.0,49.0,707.0,582.0,96.4,5.0,0.501,490.3,8.0
U100720,2.0,164.0,34.0,48.0,1214.0,594.0,80.6,4.0,0.255,481.1,10.0
U100825,2.0,214.0,35.0,30.0,1137.0,519.0,71.5,3.0,0.58,697.8,13.0
U100547,2.0,236.0,65.0,65.0,2685.0,670.0,83.0,3.0,0.879,905.4,10.0
U100879,3.0,303.0,31.0,19.0,1937.0,590.0,76.4,4.0,0.54,545.0,9.0
U100899,3.0,303.0,83.0,52.0,3390.0,913.0,36.1,2.0,0.227,149.7,1.0
U100456,7.0,390.0,111.0,77.0,562.0,1023.0,114.8,7.0,0.601,740.6,6.0
U100393,3.0,271.0,37.0,31.0,1418.0,493.0,81.7,5.0,0.496,553.4,
U100675,4.0,178.0,39.0,35.0,302.0,634.0,71.3,4.0,0.447,354.6,4.0
U100911,3.0,305.0,69.0,69.0,1105.0,917.0,52.5,5.0,0.276,80.5,6.0
U100964,3.0,230.0,55.0,78.0,1496.0,898.0,77.6,5.0,0.654,347.2,9.0
U100375,4.0,485.0,73.0,76.0,4756.0,894.0,108.9,7.0,0.58,745.6,7.0
U100412,0.0,133.0,32.0,30.0,803.0,722.0,68.1,2.0,0.837,297.7,5.0
U100074,2.0,217.0,60.0,20.0,1126.0,792.0,38.9,4.0,0.233,296.4,8.0
U101121,3.0,258.0,89.0,64.0,1132.0,738.0,69.8,5.0,0.144,711.5,4.0
U100862,2.0,234.0,57.0,68.0,2328.0,719.0,72.9,4.0,0.726,449.5,12.0
U100500,8.0,404.0,105.0,40.0,665.0,1008.0,104.1,6.0,0.297,414.3,10.0
U100941,5.0,486.0,91.0,48.0,7644.0,781.0,88.3,6.0,0.844,673.7,6.0
U100616,1.0,229.0,62.0,76.0,1123.0,909.0,109.5,4.0,0.677,704.2,10.0
U100114,7.0,494.0,94.0,74.0,3006.0,830.0,70.2,4.0,0.22,690.2,11.0
U100417,5.0,402.0,72.0,53.0,4851.0,749.0,109.5,6.0,0.412,724.6,13.0
U100601,9.0,,104.0,44.0,2681.0,590.0,53.6,3.0,0.154,347.1,2.0
U100604,2.0,302.0,61.0,56.0,606.0,577.0,74.1,3.0,0.797,553.5,7.0
U100089,0.0,230.0,35.0,57.0,1694.0,1210.0,89.4,5.0,0.814,882.3,9.0
U101148,7.0,552.0,135.0,82.0,2635.0,1225.0,99.5,6.0,0.118,695.4,16.0
U100498,1.0,97.0,25.0,12.0,421.0,166.0,34.2,1.0,0.476,472.3,9.0
U100875,0.0,116.0,26.0,33.0,678.0,191.0,44.4,1.0,0.631,310.4,8.0
U100926,6.0,575.0,115.0,72.0,5014.0,1195.0,62.3,4.0,0.617,120.0,7.0
U100998,2.0,247.0,59.0,31.0,803.0,709.0,81.6,3.0,0.818,434.7,8.0
U100011,5.0,320.0,75.0,77.0,2359.0,825.0,65.3,5.0,0.332,284.0,8.0
U100396,4.0,351.0,96.0,69.0,771.0,1045.0,98.0,6.0,0.541,615.4,8.0
U100754,7.0,553.0,113.0,59.0,1539.0,1088.0,87.7,7.0,0.361,526.8,13.0
U100555,4.0,393.0,46.0,40.0,2810.0,715.0,70.5,4.0,0.116,664.5,12.0
U100042,3.0,307.0,60.0,49.0,949.0,955.0,38.0,3.0,0.374,194.2,0.0
U100167,6.0,497.0,97.0,77.0,2936.0,1108.0,65.8,4.0,0.685,402.6,0.0
U100416,2.0,399.0,89.0,47.0,2676.0,1216.0,92.0,5.0,0.813,442.2,14.0
U100576,2.0,282.0,57.0,34.0,851.0,793.0,84.2,6.0,0.681,534.1,8.0
U100267,1.0,206.0,51.0,36.0,3577.0,587.0,83.0,4.0,0.579,688.2,13.0
U100807,1.0,150.0,29.0,32.0,712.0,65.0,49.8,1.0,0.625,325.1,1.0
U100426,7.0,391.0,76.0,53.0,2032.0,660.0,80.3,6.0,0.224,396.1,9.0
U100690,3.0,423.0,79.0,75.0,68310.0,1114.0,73.0,5.0,,436.3,7.0
U100544,8.0,484.0,97.0,28.0,1077.0,771.0,72.2,3.0,0.808,578.4,1.0
U101122,3.0,307.0,77.0,43.0,355.0,763.0,81.4,3.0,0.353,631.3,5.0
U100674,7.0,270.0,82.0,57.0,1801.0,681.0,100.4,6.0,,689.6,13.0
U100689,6.0,416.0,73.0,72.0,1391.0,703.0,49.6,3.0,0.523,334.6,14.0
U101054,4.0,478.0,81.0,60.0,9426.0,732.0,22.1,2.0,0.312,235.4,13.0
U101176,8.0,367.0,119.0,72.0,1143.0,715.0,54.6,3.0,0.373,172.0,11.0
U101032,4.0,294.0,68.0,17.0,979.0,367.0,56.0,3.0,0.268,427.1,5.0
U101034,2.0,90.0,58.0,0.0,941.0,624.0,82.1,3.0,0.894,459.7,5.0
U100257,2.0,217.0,61.0,62.0,638.0,514.0,62.2,3.0,0.561,366.0,7.0
U100335,1.0,179.0,44.0,8.0,372.0,201.0,36.5,3.0,0.665,305.1,1.0
U100015,4.0,274.0,50.0,46.0,929.0,,50.8,3.0,0.64,128.6,4.0
U100901,8.0,421.0,72.0,56.0,700.0,564.0,100.3,5.0,0.846,,6.0
U100324,5.0,420.0,55.0,62.0,2255.0,978.0,84.3,7.0,0.585,519.9,4.0
U100607,2.0,346.0,62.0,40.0,7059.0,654.0,97.5,5.0,0.706,636.5,11.0
U101053,4.0,294.0,62.0,35.0,3840.0,812.0,90.8,7.0,0.323,477.1,11.0
U100790,3.0,239.0,63.0,23.0,477.0,643.0,71.9,3.0,0.311,414.8,6.0
U100222,11.0,633.0,127.0,62.0,4065.0,760.0,64.7,4.0,0.323,370.7,12.0
U100179,3.0,417.0,88.0,93.0,3523.0,1033.0,81.8,3.0,0.159,277.5,7.0
U100099,1.0,110.0,33.0,53.0,1971.0,358.0,48.3,2.0,0.231,331.1,3.0
U100521,3.0,115.0,39.0,18.0,574.0,266.0,58.1,2.0,0.585,157.8,2.0
U100022,3.0,460.0,55.0,90.0,3659.0,978.0,108.2,6.0,0.557,814.2,14.0
U100356,0.0,238.0,58.0,69.0,3349.0,740.0,58.1,4.0,0.453,229.2,13.0
U100733,1.0,276.0,51.0,44.0,629.0,1028.0,85.1,3.0,0.778,461.0,6.0
U101093,5.0,248.0,77.0,62.0,1524.0,712.0,77.5,4.0,0.11,649.8,9.0
U101111,3.0,299.0,76.0,43.0,1031.0,427.0,44.1,3.0,0.502,2400.0,12.0
U100611,1.0,159.0,18.0,23.0,851.0,483.0,97.7,3.0,0.566,640.6,5.0
U101009,2.0,237.0,51.0,45.0,2692.0,745.0,47.4,6.0,0.72,370.6,8.0
U100340,1.0,104.0,25.0,13.0,460.0,252.0,16.5,1.0,0.531,180.5,5.0
U100431,3.0,268.0,50.0,66.0,657.0,590.0,54.7,5.0,0.288,233.4,3.0
U100961,2.0,185.0,34.0,12.0,533.0,812.0,89.4,5.0,0.357,567.3,6.0
U100217,7.0,535.0,124.0,96.0,1580.0,1313.0,102.2,6.0,0.525,502.4,7.0
U100203,3.0,252.0,30.0,41.0,1926.0,835.0,85.4,6.0,0.428,777.6,6.0
U100905,3.0,308.0,84.0,65.0,871.0,1155.0,96.7,7.0,0.806,594.4,12.0
U100922,4.0,287.0,37.0,36.0,,798.0,68.3,4.0,0.422,598.2,8.0
U100093,2.0,180.0,60.0,22.0,482.0,110.0,54.2,3.0,0.262,308.1,12.0
U100910,3.0,358.0,74.0,48.0,921.0,665.0,62.9,3.0,0.528,556.8,13.0
U100068,6.0,458.0,96.0,69.0,2334.0,1058.0,89.8,6.0,0.145,869.6,6.0
U100894,0.0,151.0,15.0,48.0,622.0,478.0,70.4,2.0,0.562,579.2,10.0
U100284,2.0,252.0,66.0,39.0,336.0,658.0,49.6,2.0,0.476,349.9,9.0
U100696,2.0,84.0,45.0,37.0,441.0,1.0,18.7,1.0,0.253,101.4,6.0
U100085,9.0,569.0,108.0,51.0,723.0,1058.0,64.2,4.0,0.633,465.8,3.0
U100434,5.0,449.0,105.0,61.0,1911.0,894.0,79.9,5.0,0.471,254.1,7.0
U100796,2.0,271.0,51.0,41.0,1403.0,981.0,85.3,6.0,0.803,595.1,7.0
U100153,3.0,209.0,72.0,37.0,450.0,473.0,59.9,4.0,0.65,250.0,2.0
U100075,3.0,252.0,73.0,69.0,1341.0,793.0,77.0,6.0,0.734,472.5,3.0
U101042,3.0,252.0,53.0,35.0,1372.0,563.0,104.3,5.0,0.885,594.8,3.0
U100580,1.0,150.0,45.0,44.0,826.0,575.0,58.1,1.0,0.719,514.6,4.0
U100446,6.0,473.0,88.0,33.0,1015.0,1030.0,110.8,6.0,0.317,923.4,15.0
U100703,4.0,346.0,57.0,80.0,1292.0,576.0,40.0,3.0,0.137,204.3,13.0
U100188,3.0,246.0,44.0,57.0,1138.0,635.0,62.1,2.0,0.92,341.0,10.0
U100271,0.0,332.0,57.0,83.0,3353.0,1162.0,74.7,4.0,0.513,353.7,6.0
U100236,2.0,211.0,42.0,24.0,2376.0,449.0,50.7,1.0,0.875,447.2,1.0
U100487,2.0,251.0,59.0,39.0,2675.0,873.0,56.0,4.0,0.372,317.1,5.0
U101159,2.0,325.0,67.0,41.0,1737.0,765.0,45.0,2.0,0.176,506.7,4.0
U100559,5.0,305.0,58.0,58.0,1736.0,656.0,46.6,2.0,0.526,,5.0
U100117,5.0,368.0,71.0,100.0,1251.0,799.0,69.3,4.0,0.727,488.4,6.0
U100637,4.0,296.0,60.0,38.0,1016.0,478.0,47.2,2.0,0.568,440.3,4.0
U101127,3.0,379.0,,52.0,313.0,932.0,75.3,4.0,0.13,603.4,8.0
U100750,1.0,216.0,72.0,,2665.0,673.0,65.5,6.0,0.554,553.3,6.0
U100512,4.0,452.0,90.0,57.0,3929.0,801.0,80.5,4.0,0.333,553.2,9.0
U100633,2.0,88.0,42.0,41.0,584.0,321.0,58.0,1.0,0.683,521.8,2.0
U100785,2.0,250.0,62.0,37.0,609.0,605.0,68.8,4.0,0.783,599.4,7.0
U101006,9.0,484.0,107.0,58.0,1304.0,1080.0,59.3,5.0,0.412,471.2,5.0
U100852,9.0,571.0,138.0,51.0,3087.0,1111.0,93.6,6.0,0.159,541.5,10.0
U100126,8.0,508.0,110.0,58.0,1772.0,983.0,110.9,6.0,0.601,702.4,10.0
U100116,1.0,124.0,37.0,34.0,458.0,887.0,95.2,5.0,0.611,188.8,4.0
U100473,0.0,186.0,48.0,49.0,723.0,832.0,102.3,4.0,0.926,693.5,6.0
U100740,7.0,372.0,57.0,43.0,1386.0,389.0,87.7,6.0,0.144,388.8,8.0
U100992,7.0,331.0,97.0,66.0,1268.0,912.0,104.2,7.0,0.51,506.4,7.0
U100057,3.0,334.0,78.0,69.0,994.0,1164.0,100.0,7.0,0.8,519.4,6.0
U100603,0.0,61.0,21.0,21.0,460.0,654.0,70.7,3.0,0.789,534.9,6.0
U100786,4.0,318.0,90.0,21.0,1357.0,829.0,61.9,4.0,0.339,369.9,4.0
U100970,3.0,253.0,45.0,45.0,643.0,667.0,99.3,3.0,0.219,694.7,5.0
U100656,2.0,143.0,56.0,21.0,2217.0,507.0,53.7,3.0,0.518,77.7,3.0
U100902,5.0,314.0,69.0,52.0,2089.0,514.0,76.3,4.0,0.141,347.0,4.0
U100921,4.0,328.0,54.0,50.0,814.0,583.0,78.7,3.0,0.606,550.3,6.0
U100105,3.0,237.0,39.0,38.0,1954.0,139.0,76.5,4.0,0.414,668.8,7.0
U100635,6.0,389.0,83.0,73.0,628.0,699.0,64.4,4.0,0.559,386.2,7.0
U100369,8.0,422.0,114.0,,2944.0,548.0,95.3,6.0,0.36,681.4,14.0
U100268,4.0,315.0,69.0,26.0,2461.0,697.0,65.2,4.0,0.319,349.1,4.0
U100655,3.0,238.0,39.0,48.0,1110.0,728.0,74.4,5.0,0.692,663.2,14.0
U100046,2.0,293.0,46.0,44.0,1093.0,851.0,102.5,6.0,0.569,712.3,10.0
U100349,1.0,159.0,49.0,59.0,2705.0,1242.0,90.1,6.0,0.534,412.5,7.0
U100773,7.0,426.0,138.0,77.0,2239.0,1293.0,107.0,6.0,0.869,794.3,6.0
U100195,5.0,407.0,69.0,40.0,2128.0,1028.0,63.2,3.0,0.378,611.5,8.0
U100102,7.0,426.0,112.0,83.0,1503.0,749.0,69.4,3.0,0.407,396.8,3.0
U100004,1.0,140.0,60.0,26.0,358.0,496.0,44.7,1.0,0.629,324.4,0.0
U100619,0.0,230.0,65.0,34.0,2431.0,998.0,88.8,6.0,0.33,276.4,5.0
U100990,7.0,573.0,123.0,51.0,2138.0,936.0,110.1,5.0,0.635,798.1,9.0
U100052,7.0,375.0,83.0,16.0,320.0,379.0,,2.0,0.616,634.0,7.0
U100263,1.0,133.0,44.0,16.0,414.0,587.0,89.1,2.0,0.553,364.1,6.0
U101092,4.0,315.0,109.0,67.0,1994.0,791.0,95.6,6.0,0.458,819.1,10.0
U100443,6.0,445.0,90.0,86.0,982.0,1127.0,81.5,6.0,0.322,533.7,11.0
U100971,1.0,101.0,19.0,43.0,1009.0,715.0,73.0,3.0,0.631,630.7,12.0
U100782,5.0,382.0,119.0,49.0,1046.0,1056.0,112.1,7.0,0.689,809.5,9.0
U100846,4.0,446.0,85.0,74.0,565.0,1214.0,102.6,7.0,0.33,427.6,9.0
U100691,1.0,111.0,25.0,11.0,791.0,515.0,40.4,4.0,0.315,48.2,6.0
U100304,1.0,292.0,,60.0,1378.0,444.0,47.6,5.0,0.09,416.3,11.0
U100341,4.0,347.0,80.0,63.0,3116.0,960.0,64.2,4.0,0.562,88.4,6.0
U100866,1.0,204.0,49.0,41.0,697.0,550.0,42.1,2.0,0.531,335.2,3.0
U100313,0.0,10.0,19.0,2.0,583.0,513.0,75.1,5.0,0.131,821.7,5.0
U100149,2.0,237.0,43.0,61.0,1480.0,817.0,98.2,5.0,0.567,801.6,13.0
U100124,3.0,461.0,101.0,73.0,4244.0,810.0,65.7,5.0,0.305,285.6,7.0
U101062,3.0,262.0,68.0,26.0,1555.0,613.0,66.2,3.0,0.23,225.3,4.0
U100574,5.0,520.0,92.0,56.0,5248.0,1119.0,60.4,4.0,0.179,553.8,4.0
U100697,1.0,132.0,28.0,25.0,693.0,976.0,66.5,3.0,0.16,560.0,4.0
U100664,2.0,338.0,68.0,54.0,760.0,438.0,50.8,4.0,0.493,144.2,3.0
U100050,3.0,347.0,82.0,56.0,655.0,936.0,80.5,4.0,0.792,454.8,11.0
U100726,4.0,293.0,74.0,49.0,1102.0,828.0,86.1,5.0,0.718,603.1,11.0
U100799,4.0,380.0,95.0,90.0,1408.0,1165.0,43.3,5.0,0.245,455.9,9.0
U100353,3.0,346.0,51.0,40.0,2301.0,826.0,89.9,5.0,0.351,749.2,8.0
U101152,4.0,350.0,101.0,55.0,5665.0,658.0,60.8,4.0,0.63,84.3,10.0
U100142,1.0,181.0,51.0,31.0,681.0,614.0,31.9,1.0,0.125,130.9,10.0
U100470,2.0,234.0,54.0,39.0,607.0,747.0,87.9,5.0,0.346,614.1,10.0
U100653,3.0,351.0,48.0,13.0,486.0,670.0,37.8,2.0,0.224,91.7,3.0
U100399,1.0,202.0,20.0,22.0,680.0,376.0,48.2,2.0,0.169,256.5,6.0
U101153,6.0,332.0,116.0,30.0,1484.0,632.0,79.3,3.0,,388.3,9.0
U100937,4.0,444.0,87.0,76.0,5789.0,670.0,61.4,4.0,0.572,594.6,5.0
U100320,4.0,299.0,71.0,68.0,309.0,762.0,87.2,6.0,0.637,445.8,3.0
U100019,3.0,333.0,87.0,45.0,2438.0,775.0,55.2,4.0,0.596,281.5,9.0
U100684,3.0,171.0,44.0,12.0,784.0,501.0,75.4,3.0,0.414,498.6,3.0
U100035,4.0,270.0,83.0,30.0,1192.0,736.0,81.2,6.0,0.101,454.9,3.0
U100824,0.0,56.0,15.0,22.0,1048.0,190.0,46.5,1.0,0.395,252.1,5.0
U100505,3.0,378.0,93.0,75.0,1230.0,706.0,95.3,3.0,0.671,731.2,11.0
U100827,1.0,102.0,25.0,21.0,1353.0,164.0,34.6,3.0,0.5,206.4,2.0
U101070,0.0,121.0,32.0,26.0,1127.0,810.0,51.9,4.0,0.036,363.3,12.0
U100407,4.0,270.0,95.0,58.0,604.0,770.0,99.0,5.0,0.458,332.5,7.0
U100817,1.0,197.0,22.0,74.0,3217.0,500.0,69.0,4.0,0.541,413.1,3.0
U100537,3.0,431.0,67.0,53.0,7756.0,981.0,78.7,6.0,0.474,661.8,8.0
U100758,1.0,248.0,30.0,46.0,628.0,934.0,76.0,5.0,0.441,399.8,16.0
U101068,4.0,231.0,16.0,56.0,1207.0,,104.5,6.0,0.851,730.2,5.0
U100892,2.0,200.0,57.0,52.0,959.0,687.0,64.4,3.0,0.423,221.1,8.0
U100038,3.0,300.0,52.0,52.0,3505.0,743.0,72.5,3.0,0.612,570.0,8.0
U100175,7.0,425.0,87.0,55.0,2328.0,593.0,31.5,5.0,0.374,302.0,3.0
U100245,3.0,239.0,78.0,52.0,2603.0,393.0,53.7,1.0,0.305,557.1,9.0
U100810,6.0,361.0,61.0,21.0,1140.0,615.0,81.2,4.0,0.714,609.1,11.0
U101084,1.0,256.0,60.0,45.0,2143.0,997.0,65.6,3.0,0.374,610.8,12.0
U101077,4.0,400.0,119.0,86.0,1753.0,1329.0,105.3,7.0,0.563,609.5,7.0
U100784,3.0,263.0,78.0,64.0,1264.0,801.0,82.2,3.0,0.788,422.5,3.0
U101184,1.0,279.0,43.0,61.0,651.0,938.0,71.0,5.0,0.574,118.0,7.0
U100489,2.0,220.0,83.0,57.0,1249.0,885.0,102.6,5.0,0.532,868.4,11.0
U100154,5.0,444.0,105.0,68.0,3583.0,1003.0,89.7,5.0,0.624,654.8,25.0
U100638,3.0,457.0,86.0,62.0,1487.0,952.0,80.5,5.0,0.552,485.3,14.0
U100662,4.0,376.0,75.0,62.0,2875.0,680.0,21.8,3.0,0.58,217.9,0.0
U100853,7.0,546.0,121.0,112.0,2546.0,1022.0,76.8,5.0,0.798,510.5,5.0
U100287,5.0,248.0,61.0,34.0,2332.0,714.0,72.0,4.0,0.32,203.9,7.0
U100625,4.0,421.0,71.0,60.0,1720.0,659.0,43.8,3.0,0.489,454.4,
U101199,5.0,461.0,73.0,55.0,5204.0,594.0,45.9,3.0,0.52,126.1,7.0
U100685,4.0,313.0,61.0,48.0,2241.0,639.0,80.7,2.0,0.622,568.4,5.0
U100872,5.0,282.0,61.0,32.0,905.0,566.0,87.1,5.0,0.624,543.2,11.0
U100569,3.0,439.0,104.0,91.0,2557.0,972.0,113.6,5.0,0.845,671.6,7.0
U101143,4.0,239.0,53.0,53.0,720.0,491.0,45.8,3.0,0.551,108.5,6.0
U100734,5.0,233.0,54.0,38.0,335.0,575.0,79.4,5.0,0.847,509.6,6.0
U100792,5.0,388.0,73.0,49.0,4988.0,930.0,77.4,5.0,0.366,462.4,4.0
U100017,2.0,158.0,38.0,5.0,579.0,141.0,31.3,2.0,0.419,237.9,3.0
U100127,2.0,150.0,51.0,45.0,1545.0,460.0,60.0,2.0,0.667,515.3,13.0
U100322,5.0,346.0,90.0,29.0,642.0,1242.0,61.0,6.0,0.159,466.7,7.0
U100255,5.0,307.0,67.0,50.0,1567.0,848.0,61.7,6.0,0.364,487.9,5.0
U100943,2.0,319.0,80.0,69.0,1133.0,1008.0,90.2,6.0,0.273,729.8,6.0
U101179,4.0,384.0,45.0,25.0,3372.0,891.0,81.9,,0.673,289.8,10.0
U100190,6.0,367.0,92.0,44.0,1307.0,868.0,104.6,7.0,0.512,288.0,7.0
U100115,3.0,366.0,90.0,36.0,1084.0,694.0,63.1,4.0,0.3,396.0,9.0
U101173,5.0,387.0,104.0,52.0,2419.0,804.0,60.4,2.0,0.419,477.6,5.0
U100888,1.0,197.0,41.0,42.0,1194.0,389.0,67.9,1.0,0.354,375.3,4.0
U100606,4.0,312.0,47.0,63.0,1948.0,1046.0,80.3,6.0,0.417,308.3,7.0
U100180,4.0,432.0,90.0,83.0,1991.0,1311.0,98.1,6.0,0.576,744.7,13.0
U100301,,99.0,0.0,12.0,424.0,334.0,58.9,2.0,0.638,701.5,1.0
U100496,4.0,281.0,62.0,38.0,1890.0,245.0,47.8,1.0,0.757,242.2,4.0
U100348,0.0,132.0,42.0,32.0,1892.0,600.0,54.1,2.0,0.766,300.2,15.0
U101035,3.0,178.0,37.0,63.0,2774.0,534.0,31.5,3.0,1.35,216.7,1.0
U100982,4.0,250.0,47.0,59.0,1036.0,446.0,50.0,4.0,0.424,182.9,3.0
U100744,4.0,346.0,51.0,61.0,2403.0,724.0,69.6,4.0,0.163,556.8,9.0
U101151,3.0,430.0,55.0,64.0,2576.0,1065.0,87.3,,0.563,726.9,9.0
U100517,5.0,359.0,92.0,55.0,1560.0,502.0,96.0,2.0,0.45,643.9,6.0
U100372,7.0,443.0,133.0,57.0,2719.0,1008.0,84.4,6.0,0.411,436.2,11.0
U100045,3.0,302.0,77.0,74.0,1719.0,1006.0,65.0,4.0,0.265,683.5,10.0
U100476,5.0,437.0,99.0,57.0,1408.0,1083.0,76.7,6.0,0.198,447.9,11.0
U100157,4.0,303.0,81.0,73.0,2901.0,1139.0,66.8,6.0,0.422,120.0,6.0
U101046,3.0,177.0,52.0,9.0,959.0,295.0,68.7,3.0,0.608,496.5,6.0
U100171,8.0,555.0,128.0,78.0,2235.0,893.0,58.7,4.0,0.174,230.7,0.0
U100016,3.0,155.0,38.0,36.0,705.0,410.0,112.6,5.0,0.698,782.9,11.0
U100511,9.0,493.0,93.0,51.0,5034.0,365.0,63.1,3.0,0.803,281.8,3.0
U100048,11.0,684.0,141.0,63.0,2074.0,741.0,99.6,5.0,0.672,493.3,10.0
U100191,4.0,446.0,94.0,77.0,2117.0,1162.0,87.4,5.0,0.595,517.8,6.0
U100546,6.0,432.0,82.0,50.0,3683.0,679.0,61.6,3.0,0.633,314.3,10.0
U100515,12.0,592.0,125.0,68.0,858.0,857.0,83.1,5.0,0.278,588.9,7.0
U100977,2.0,191.0,79.0,44.0,627.0,768.0,46.1,3.0,0.166,410.4,7.0
U100938,4.0,278.0,65.0,34.0,1281.0,1135.0,52.7,6.0,0.251,180.4,6.0
U100828,4.0,365.0,96.0,84.0,1710.0,960.0,102.2,5.0,0.434,623.5,12.0
U100983,1.0,68.0,47.0,27.0,563.0,545.0,89.2,5.0,0.835,412.5,5.0
U100480,3.0,236.0,40.0,26.0,1640.0,711.0,87.0,3.0,0.702,308.7,3.0
U101128,1.0,269.0,68.0,36.0,1437.0,602.0,81.4,3.0,0.544,531.7,7.0
U100283,2.0,244.0,77.0,64.0,371.0,816.0,86.8,4.0,0.717,,9.0
U101029,4.0,392.0,85.0,69.0,6065.0,1191.0,69.3,5.0,0.11,338.2,8.0
U100797,3.0,247.0,67.0,59.0,462.0,973.0,74.1,6.0,0.36,374.8,7.0
U100939,6.0,469.0,101.0,44.0,2242.0,1170.0,84.4,5.0,0.696,752.3,16.0
U100225,3.0,267.0,43.0,56.0,740.0,525.0,34.4,4.0,0.354,127.4,8.0
U100026,5.0,386.0,106.0,87.0,1853.0,1035.0,66.0,4.0,0.398,488.1,11.0
U100282,2.0,310.0,74.0,59.0,1814.0,800.0,88.0,6.0,0.354,613.0,9.0
U101149,8.0,598.0,122.0,70.0,3033.0,1114.0,109.2,6.0,0.182,880.0,12.0
U100437,3.0,399.0,88.0,66.0,3124.0,848.0,56.1,2.0,0.192,423.6,13.0
U101167,6.0,452.0,87.0,46.0,1214.0,854.0,117.3,6.0,0.825,678.5,11.0
U100364,2.0,240.0,28.0,28.0,1007.0,682.0,66.8,3.0,0.373,307.8,2.0
U100229,3.0,325.0,74.0,67.0,941.0,731.0,28.4,4.0,0.196,220.4,6.0
U100037,2.0,266.0,55.0,69.0,1775.0,490.0,68.4,3.0,0.913,283.7,7.0
U100669,0.0,,38.0,17.0,631.0,352.0,38.7,1.0,0.375,468.8,3.0
U100749,4.0,560.0,104.0,74.0,9127.0,794.0,56.0,2.0,0.459,266.1,9.0
U101180,4.0,323.0,42.0,26.0,831.0,370.0,43.5,2.0,0.163,224.7,3.0
U100374,2.0,248.0,43.0,15.0,1783.0,611.0,93.1,5.0,0.351,803.1,11.0
U100469,1.0,196.0,37.0,38.0,2217.0,537.0,24.3,2.0,0.159,260.8,8.0
U100882,2.0,221.0,48.0,17.0,1576.0,353.0,50.2,2.0,0.638,328.1,6.0
U101181,4.0,461.0,80.0,84.0,2350.0,1325.0,120.0,6.0,0.587,654.9,7.0
U100687,,507.0,108.0,44.0,633.0,1069.0,79.9,7.0,0.373,349.0,7.0
U100032,1.0,164.0,7.0,12.0,1081.0,723.0,54.7,3.0,0.482,283.1,7.0
U101010,0.0,196.0,44.0,15.0,1070.0,469.0,92.8,2.0,0.597,735.9,5.0
U101175,5.0,305.0,30.0,0.0,679.0,451.0,60.9,1.0,0.526,284.2,6.0
U100194,1.0,45.0,23.0,9.0,505.0,197.0,59.9,2.0,0.328,381.1,5.0
U101105,3.0,229.0,78.0,82.0,1803.0,774.0,67.4,5.0,0.427,587.8,9.0
U101113,1.0,233.0,20.0,69.0,1487.0,644.0,64.4,4.0,0.756,347.8,8.0
U101063,3.0,320.0,51.0,21.0,827.0,880.0,93.2,6.0,0.144,538.4,9.0
U100503,1.0,140.0,37.0,14.0,967.0,181.0,85.3,2.0,0.798,665.8,5.0
U100915,3.0,324.0,70.0,78.0,1150.0,863.0,87.0,6.0,0.535,472.7,3.0
U100976,3.0,305.0,102.0,66.0,1462.0,1091.0,84.7,6.0,0.195,617.8,8.0
U101182,3.0,196.0,60.0,28.0,992.0,342.0,36.9,2.0,0.175,299.9,6.0
U101087,2.0,258.0,92.0,54.0,68310.0,1112.0,70.7,2.0,0.093,563.3,7.0
U100800,2.0,181.0,50.0,36.0,640.0,526.0,71.7,3.0,0.45,615.9,9.0
U100579,3.0,419.0,64.0,83.0,1267.0,1329.0,80.8,5.0,0.064,665.2,11.0
U100160,1.0,157.0,24.0,37.0,935.0,483.0,34.6,3.0,0.57,250.7,2.0
U100680,0.0,122.0,68.0,59.0,846.0,1089.0,90.8,6.0,0.57,852.1,9.0
U101197,1.0,197.0,7.0,56.0,1763.0,610.0,87.3,2.0,0.485,878.3,6.0
U100162,5.0,351.0,54.0,53.0,1753.0,878.0,104.4,7.0,0.424,627.9,7.0
U100821,6.0,392.0,82.0,50.0,927.0,889.0,99.5,6.0,0.591,671.8,12.0
U100705,1.0,115.0,16.0,38.0,2114.0,503.0,64.6,3.0,0.692,267.3,3.0
U101008,4.0,319.0,81.0,63.0,1649.0,1013.0,55.4,6.0,0.399,323.3,5.0
U100877,2.0,299.0,60.0,24.0,957.0,513.0,72.3,3.0,0.371,453.4,5.0
U100895,2.0,402.0,43.0,92.0,3165.0,918.0,102.7,6.0,0.322,783.1,8.0
U100913,3.0,286.0,53.0,37.0,1263.0,607.0,68.1,2.0,0.139,695.2,10.0
U101198,7.0,487.0,98.0,19.0,1437.0,883.0,87.4,6.0,0.206,717.3,4.0
U100152,0.0,7.0,12.0,19.0,587.0,167.0,26.9,2.0,0.594,249.2,4.0
U100978,2.0,265.0,34.0,44.0,790.0,618.0,50.1,2.0,0.21,449.6,18.0
U101002,2.0,192.0,61.0,22.0,838.0,746.0,82.5,2.0,0.444,486.7,6.0
U100509,7.0,386.0,106.0,31.0,1686.0,721.0,88.7,4.0,0.502,674.7,6.0
U100111,8.0,541.0,99.0,81.0,4369.0,879.0,91.7,4.0,0.481,572.1,11.0
U100226,5.0,499.0,120.0,100.0,3157.0,1180.0,114.9,7.0,0.598,803.5,14.0
U100985,7.0,461.0,104.0,74.0,1049.0,820.0,98.3,6.0,0.535,694.9,15.0
U100851,6.0,404.0,30.0,38.0,2968.0,395.0,54.6,3.0,0.517,141.7,11.0
U100103,6.0,462.0,116.0,73.0,2347.0,1167.0,87.3,5.0,0.359,563.8,10.0
U100421,2.0,163.0,46.0,56.0,1093.0,481.0,47.4,2.0,0.652,218.5,10.0
U100419,4.0,317.0,60.0,45.0,1449.0,947.0,91.9,6.0,0.762,652.2,6.0
U100624,5.0,334.0,62.0,55.0,1643.0,,90.6,5.0,0.398,586.0,6.0
U100586,4.0,301.0,76.0,72.0,2216.0,779.0,36.9,2.0,0.712,142.4,10.0
U101060,4.0,195.0,58.0,28.0,716.0,230.0,72.6,4.0,0.237,467.4,10.0
U100919,3.0,300.0,50.0,53.0,3186.0,575.0,36.1,1.0,0.181,317.7,3.0
U100672,4.0,,82.0,16.0,655.0,515.0,83.4,2.0,0.414,465.9,3.0
U100119,2.0,339.0,57.0,41.0,571.0,974.0,84.1,2.0,0.859,688.9,6.0
U100053,1.0,197.0,40.0,41.0,460.0,943.0,58.5,4.0,0.523,2400.0,15.0
U100151,3.0,354.0,68.0,47.0,,879.0,53.8,2.0,0.519,81.9,4.0
U100403,3.0,109.0,21.0,30.0,1402.0,306.0,55.2,4.0,0.927,259.9,2.0
U101188,2.0,279.0,61.0,42.0,1034.0,1152.0,105.5,5.0,0.779,586.3,7.0
U100207,3.0,224.0,69.0,37.0,811.0,755.0,67.1,2.0,0.538,543.0,3.0
U101134,2.0,278.0,61.0,55.0,3506.0,586.0,54.3,,0.449,59.2,7.0
U100658,8.0,,120.0,50.0,1796.0,1216.0,109.5,6.0,0.714,663.9,9.0
U101096,13.0,815.0,182.0,92.0,2432.0,1296.0,94.9,6.0,0.511,683.9,9.0
U100232,0.0,135.0,15.0,22.0,1616.0,698.0,99.6,5.0,0.363,668.8,9.0
U100008,2.0,381.0,89.0,35.0,1726.0,1080.0,71.0,4.0,0.744,373.4,11.0
U100159,6.0,309.0,84.0,59.0,516.0,293.0,29.5,2.0,0.292,285.3,4.0
U100036,6.0,369.0,96.0,18.0,1565.0,935.0,48.3,4.0,0.463,108.8,11.0
U100452,4.0,449.0,96.0,74.0,3017.0,964.0,109.9,7.0,0.689,923.4,
U100651,3.0,296.0,53.0,33.0,2003.0,836.0,51.8,3.0,0.445,314.9,7.0
U100253,0.0,96.0,48.0,48.0,393.0,452.0,47.1,2.0,0.497,302.3,4.0
U100303,5.0,352.0,99.0,73.0,6318.0,902.0,48.3,4.0,0.28,391.2,3.0
U100896,4.0,296.0,80.0,42.0,948.0,757.0,61.0,2.0,0.264,566.3,7.0
U101048,4.0,308.0,48.0,27.0,882.0,489.0,51.9,2.0,0.592,419.1,9.0
U100880,2.0,274.0,67.0,64.0,2167.0,884.0,63.4,5.0,0.634,245.6,2.0
U100571,2.0,352.0,33.0,48.0,4025.0,591.0,69.8,4.0,0.474,628.1,14.0
U100623,1.0,259.0,80.0,42.0,1889.0,737.0,45.8,3.0,0.464,420.8,7.0
U101144,2.0,240.0,59.0,60.0,744.0,1024.0,68.7,5.0,0.434,618.3,5.0
U101030,4.0,285.0,86.0,61.0,405.0,992.0,57.4,6.0,0.047,327.1,8.0
U101145,11.0,533.0,120.0,41.0,1771.0,689.0,62.2,5.0,0.686,232.9,4.0
U100262,3.0,223.0,78.0,43.0,1908.0,537.0,70.7,4.0,0.69,209.5,6.0
U100610,1.0,104.0,17.0,63.0,900.0,332.0,64.4,2.0,0.442,376.0,1.0
U100297,7.0,400.0,97.0,29.0,2978.0,477.0,82.0,3.0,0.874,857.5,10.0
U100989,3.0,291.0,58.0,61.0,885.0,779.0,73.3,3.0,0.588,614.7,7.0
U100414,0.0,141.0,29.0,42.0,888.0,612.0,73.3,4.0,0.695,567.5,6.0
U100150,2.0,279.0,44.0,38.0,2595.0,490.0,81.7,3.0,0.417,523.0,9.0
U100945,0.0,74.0,25.0,42.0,1328.0,661.0,55.4,3.0,0.457,507.8,5.0
U100472,3.0,344.0,74.0,16.0,3439.0,725.0,55.5,3.0,0.343,368.0,9.0
U100952,2.0,194.0,44.0,69.0,1280.0,592.0,82.4,5.0,0.228,686.6,12.0
U100987,3.0,270.0,64.0,42.0,788.0,698.0,79.4,6.0,0.814,396.2,9.0
U100778,5.0,484.0,82.0,69.0,1205.0,763.0,52.6,4.0,0.439,318.7,2.0
U100640,5.0,339.0,53.0,33.0,2036.0,517.0,,2.0,0.657,328.3,6.0
U101189,5.0,349.0,66.0,23.0,2439.0,722.0,79.2,4.0,0.345,,4.0
U101142,1.0,104.0,25.0,15.0,407.0,134.0,45.6,1.0,0.408,343.8,3.0
U100550,3.0,,39.0,33.0,2777.0,555.0,69.2,5.0,0.581,419.4,7.0
U100639,5.0,367.0,63.0,48.0,743.0,669.0,84.5,5.0,0.699,565.7,15.0
U100935,3.0,250.0,56.0,43.0,794.0,765.0,78.4,5.0,0.527,376.7,
U100928,2.0,272.0,46.0,48.0,951.0,815.0,88.0,3.0,0.555,781.0,8.0
U100488,4.0,343.0,64.0,31.0,2317.0,450.0,78.0,3.0,0.448,448.0,3.0
U100819,1.0,195.0,58.0,49.0,2118.0,571.0,66.7,2.0,0.592,508.8,4.0
U100710,10.0,537.0,88.0,27.0,4327.0,822.0,77.8,4.0,0.807,489.3,12.0
U101080,4.0,436.0,74.0,,3626.0,1148.0,112.5,5.0,0.691,717.6,7.0
U100147,4.0,311.0,35.0,49.0,1481.0,716.0,67.9,3.0,0.744,610.0,5.0
U100146,5.0,338.0,88.0,46.0,1263.0,684.0,80.5,3.0,0.134,725.6,6.0
U101174,4.0,371.0,81.0,41.0,786.0,692.0,90.0,5.0,0.666,770.2,10.0
U100962,1.0,235.0,55.0,,586.0,518.0,45.7,2.0,0.323,304.7,6.0
U100345,3.0,239.0,50.0,49.0,1965.0,372.0,36.6,1.0,0.405,,5.0
U100402,4.0,392.0,82.0,74.0,2920.0,1040.0,99.4,5.0,0.806,365.9,6.0
U100931,4.0,379.0,73.0,85.0,2735.0,893.0,98.6,5.0,0.382,496.3,13.0
U100954,4.0,354.0,51.0,42.0,2071.0,,60.2,2.0,0.399,506.3,7.0
U101124,4.0,207.0,49.0,17.0,1027.0,512.0,48.7,5.0,0.349,172.8,4.0
U100659,1.0,102.0,22.0,29.0,602.0,526.0,,3.0,0.432,613.0,0.0
U100463,4.0,404.0,92.0,89.0,1575.0,801.0,40.8,1.0,0.782,318.7,8.0
U100186,2.0,294.0,75.0,60.0,1280.0,973.0,83.7,4.0,0.398,609.2,9.0
U100608,3.0,299.0,26.0,14.0,1463.0,309.0,30.5,2.0,0.438,179.2,7.0
U100143,8.0,413.0,103.0,54.0,1239.0,827.0,73.7,3.0,0.605,392.5,4.0
U100751,2.0,284.0,44.0,50.0,4008.0,707.0,63.3,4.0,0.086,406.2,5.0
U100981,3.0,253.0,40.0,40.0,761.0,561.0,37.9,2.0,0.445,112.2,6.0
U100197,1.0,148.0,30.0,44.0,948.0,603.0,63.7,4.0,0.587,623.2,7.0
U100883,6.0,413.0,90.0,44.0,1976.0,606.0,54.5,2.0,0.541,161.9,6.0
U100279,7.0,461.0,126.0,,1739.0,1229.0,54.0,5.0,0.617,500.1,6.0
U100293,0.0,51.0,8.0,4.0,610.0,5.0,39.3,1.0,0.149,219.6,1.0
U101088,3.0,368.0,78.0,71.0,813.0,1079.0,97.1,5.0,0.612,793.8,12.0
U100400,1.0,185.0,64.0,31.0,1532.0,607.0,70.1,3.0,0.678,556.9,14.0
U100122,6.0,324.0,92.0,25.0,764.0,827.0,108.5,5.0,0.493,755.1,11.0
U100202,3.0,247.0,64.0,37.0,2225.0,869.0,48.1,4.0,0.343,381.7,4.0
U100835,3.0,330.0,76.0,33.0,1965.0,653.0,46.4,2.0,0.807,90.4,8.0
U100246,4.0,407.0,108.0,75.0,2260.0,1114.0,58.3,2.0,0.254,566.8,5.0
U101139,5.0,443.0,101.0,48.0,2653.0,917.0,69.4,4.0,0.459,583.9,13.0
U100384,2.0,238.0,33.0,49.0,2008.0,296.0,41.1,2.0,0.289,161.0,7.0
U100854,2.0,245.0,83.0,39.0,1046.0,976.0,79.7,4.0,0.671,390.6,4.0
U100219,7.0,392.0,101.0,77.0,1257.0,626.0,63.6,3.0,0.617,617.2,10.0
U100641,5.0,325.0,88.0,66.0,967.0,939.0,57.0,5.0,0.255,348.4,9.0
U100001,1.0,287.0,,28.0,6389.0,178.0,83.9,2.0,0.816,521.2,8.0
U100112,4.0,293.0,62.0,46.0,448.0,555.0,52.4,3.0,0.495,367.2,6.0
U100698,8.0,499.0,77.0,42.0,3498.0,500.0,74.1,2.0,0.889,618.8,5.0
U100951,3.0,371.0,71.0,52.0,1313.0,873.0,99.1,5.0,0.51,507.5,16.0
U101078,5.0,332.0,63.0,66.0,2092.0,386.0,70.3,3.0,0.637,554.1,8.0
U100441,4.0,361.0,41.0,57.0,1916.0,745.0,65.7,5.0,0.569,333.3,5.0
U100663,8.0,498.0,119.0,,1338.0,715.0,67.2,3.0,0.434,348.9,9.0
U101196,2.0,261.0,,29.0,402.0,588.0,31.4,2.0,0.396,409.5,5.0
U100317,5.0,378.0,85.0,81.0,967.0,980.0,39.0,3.0,0.294,322.0,2.0
U100648,5.0,332.0,61.0,67.0,1582.0,722.0,97.8,5.0,,565.0,7.0
U100709,4.0,438.0,66.0,53.0,1242.0,838.0,66.6,5.0,0.078,518.6,12.0
U100972,2.0,,31.0,40.0,739.0,535.0,82.5,5.0,0.457,495.2,2.0
U100627,2.0,333.0,82.0,70.0,1345.0,1171.0,100.8,6.0,0.832,573.5,7.0
U100632,4.0,166.0,64.0,19.0,613.0,351.0,42.6,3.0,0.366,269.2,2.0
U101171,3.0,247.0,35.0,50.0,634.0,284.0,36.9,1.0,0.092,68.6,7.0
U101106,2.0,370.0,87.0,45.0,1034.0,722.0,57.9,2.0,0.558,463.3,9.0
U100795,7.0,462.0,79.0,73.0,2439.0,757.0,80.2,4.0,0.608,400.3,11.0
U100645,2.0,181.0,32.0,22.0,371.0,460.0,55.6,4.0,0.482,223.7,5.0
U101012,4.0,400.0,105.0,50.0,2506.0,934.0,67.1,3.0,0.638,542.3,7.0
U100556,3.0,469.0,66.0,72.0,1330.0,842.0,52.4,3.0,0.729,151.0,6.0
U100681,3.0,397.0,94.0,62.0,5341.0,1131.0,64.7,5.0,0.319,361.3,5.0
U100577,4.0,318.0,72.0,70.0,920.0,1167.0,76.3,6.0,0.415,461.6,2.0
U100524,8.0,528.0,150.0,54.0,1432.0,1146.0,88.9,6.0,0.269,603.5,9.0
U101059,4.0,355.0,76.0,74.0,998.0,1070.0,84.5,5.0,0.128,692.9,8.0
U100540,3.0,280.0,53.0,52.0,1384.0,329.0,49.1,1.0,0.714,,2.0
U100748,5.0,312.0,49.0,61.0,2157.0,498.0,77.7,3.0,0.571,480.0,4.0
U101109,3.0,261.0,98.0,52.0,856.0,1018.0,113.4,6.0,0.195,763.3,14.0
U100484,5.0,337.0,79.0,32.0,2580.0,830.0,85.8,4.0,0.725,449.2,5.0
U100095,7.0,537.0,98.0,49.0,810.0,707.0,28.0,2.0,0.33,340.7,6.0
U101020,4.0,320.0,85.0,73.0,1411.0,982.0,67.0,5.0,0.316,,8.0
U100563,3.0,196.0,41.0,27.0,1355.0,641.0,50.7,3.0,0.19,393.2,4.0
U100742,2.0,257.0,41.0,17.0,796.0,254.0,53.3,3.0,0.518,524.7,2.0
U100863,6.0,417.0,76.0,60.0,1987.0,787.0,70.0,5.0,0.631,583.6,8.0
U100891,2.0,260.0,60.0,67.0,3313.0,788.0,41.5,4.0,0.273,285.7,5.0
U101038,4.0,294.0,83.0,46.0,1353.0,666.0,84.2,6.0,0.395,591.5,12.0
U100206,4.0,295.0,53.0,29.0,574.0,706.0,30.0,2.0,0.266,117.9,13.0
U100392,1.0,271.0,43.0,31.0,3241.0,834.0,48.9,3.0,0.337,448.5,7.0
U100794,1.0,191.0,21.0,43.0,1379.0,540.0,35.3,1.0,0.434,322.7,1.0
U100870,3.0,354.0,29.0,38.0,4110.0,727.0,70.9,5.0,0.681,491.5,7.0
U100397,5.0,352.0,66.0,44.0,948.0,795.0,71.7,3.0,0.284,360.4,6.0
U100766,1.0,308.0,57.0,24.0,393.0,913.0,65.4,4.0,0.645,609.4,13.0
U101099,5.0,435.0,96.0,58.0,3052.0,877.0,94.2,6.0,0.263,637.3,9.0
U101028,4.0,560.0,75.0,,5314.0,905.0,67.3,3.0,0.56,477.3,10.0
U100642,4.0,411.0,107.0,64.0,3225.0,1236.0,77.7,7.0,0.221,611.6,10.0
U100612,3.0,234.0,63.0,14.0,495.0,648.0,42.4,1.0,0.889,305.3,1.0
U100960,8.0,514.0,105.0,54.0,1696.0,885.0,110.1,6.0,0.595,820.1,9.0
U100725,4.0,347.0,56.0,57.0,728.0,910.0,57.3,6.0,0.366,248.5,3.0
U100683,3.0,269.0,67.0,45.0,623.0,458.0,68.2,2.0,0.477,557.3,4.0
U100098,2.0,187.0,46.0,39.0,596.0,528.0,78.5,5.0,0.418,449.9,17.0
U100804,7.0,392.0,75.0,65.0,1144.0,539.0,87.4,6.0,0.364,487.8,14.0
U100406,5.0,392.0,99.0,71.0,2278.0,814.0,64.3,4.0,0.472,242.4,4.0
U100502,6.0,351.0,60.0,61.0,590.0,504.0,80.0,2.0,0.466,553.8,8.0
U101071,1.0,86.0,16.0,14.0,718.0,470.0,68.2,3.0,0.709,738.9,13.0
U101056,4.0,336.0,64.0,62.0,2123.0,962.0,79.5,6.0,0.422,638.1,
U100929,4.0,409.0,82.0,36.0,2279.0,1043.0,72.9,4.0,0.795,299.5,8.0
U100779,2.0,270.0,42.0,59.0,1191.0,632.0,55.8,1.0,0.523,440.2,11.0
U100200,3.0,412.0,88.0,48.0,2040.0,1013.0,73.9,4.0,0.255,490.7,15.0
U100134,4.0,266.0,58.0,39.0,940.0,552.0,55.4,1.0,0.435,352.4,5.0
U101051,4.0,308.0,89.0,58.0,3110.0,648.0,92.7,4.0,0.499,671.0,8.0
U100040,5.0,471.0,117.0,73.0,2542.0,927.0,70.4,5.0,0.201,540.4,18.0
U101017,10.0,617.0,135.0,61.0,2198.0,735.0,53.9,4.0,0.256,527.7,10.0
U100230,2.0,85.0,60.0,36.0,1118.0,300.0,45.3,2.0,0.186,535.8,8.0
U100378,7.0,294.0,77.0,53.0,1457.0,465.0,69.3,6.0,0.725,281.4,8.0
U100288,2.0,250.0,59.0,56.0,1752.0,794.0,42.1,3.0,0.568,202.9,6.0
U100418,6.0,359.0,114.0,52.0,1728.0,723.0,92.3,5.0,0.249,630.1,13.0
U100391,1.0,129.0,26.0,22.0,1834.0,448.0,85.8,4.0,0.144,589.5,4.0
U100592,2.0,359.0,54.0,90.0,5572.0,739.0,86.8,6.0,0.507,343.4,9.0
U101086,2.0,282.0,40.0,47.0,3002.0,559.0,56.3,2.0,0.206,233.7,8.0
U100647,0.0,141.0,0.0,45.0,2657.0,261.0,21.2,2.0,0.803,382.7,5.0
U100520,3.0,285.0,59.0,47.0,326.0,830.0,70.5,2.0,0.419,515.4,7.0
U100064,2.0,288.0,66.0,39.0,1021.0,980.0,80.5,6.0,0.402,425.0,8.0
U100014,4.0,243.0,56.0,43.0,1237.0,478.0,75.0,5.0,0.117,449.1,6.0
U101064,8.0,521.0,112.0,58.0,1787.0,561.0,75.1,3.0,0.688,399.1,9.0
U100492,1.0,109.0,40.0,28.0,1276.0,532.0,50.2,3.0,0.571,506.0,11.0
U100379,5.0,439.0,91.0,60.0,1252.0,699.0,73.6,2.0,0.79,319.8,6.0
U100187,5.0,397.0,81.0,1.0,3234.0,434.0,70.7,2.0,0.249,349.4,8.0
U100763,8.0,527.0,112.0,55.0,5026.0,524.0,79.7,6.0,0.282,323.6,13.0
U100216,8.0,552.0,139.0,82.0,2987.0,921.0,75.8,5.0,0.499,253.6,8.0
U100791,1.0,127.0,,27.0,633.0,607.0,73.0,2.0,0.748,441.2,4.0
U101076,2.0,254.0,57.0,34.0,684.0,815.0,92.1,6.0,0.551,616.0,5.0
U100878,1.0,119.0,26.0,19.0,795.0,491.0,,4.0,0.726,436.9,3.0
U100337,3.0,199.0,57.0,21.0,882.0,412.0,95.9,5.0,0.633,580.4,4.0
U100719,1.0,131.0,0.0,21.0,1946.0,237.0,56.2,2.0,0.833,442.8,9.0
U100295,6.0,405.0,77.0,48.0,1076.0,612.0,61.8,5.0,0.14,448.1,1.0
U101016,1.0,158.0,58.0,39.0,771.0,876.0,58.7,4.0,0.096,501.9,18.0
U100455,3.0,298.0,38.0,27.0,1665.0,735.0,66.8,3.0,0.839,364.4,1.0
U100815,4.0,329.0,48.0,64.0,1621.0,795.0,61.9,5.0,0.333,387.0,11.0
U100269,1.0,190.0,23.0,31.0,639.0,428.0,88.5,4.0,0.54,811.3,9.0
U100995,5.0,394.0,48.0,24.0,1318.0,415.0,93.4,6.0,0.338,641.7,12.0
U100201,4.0,327.0,102.0,79.0,2282.0,1088.0,87.3,6.0,0.12,477.9,7.0
U100161,4.0,307.0,110.0,61.0,1394.0,669.0,63.7,2.0,0.521,676.3,6.0
U100729,3.0,286.0,94.0,37.0,2184.0,668.0,31.1,2.0,0.345,238.7,1.0
U100401,7.0,500.0,116.0,60.0,533.0,941.0,90.2,6.0,0.664,481.8,7.0
U100702,,246.0,79.0,63.0,2593.0,681.0,31.5,2.0,0.409,201.9,3.0
U101129,2.0,232.0,74.0,56.0,1583.0,440.0,33.0,1.0,0.571,268.3,4.0
U100565,2.0,243.0,57.0,41.0,1021.0,925.0,95.2,5.0,0.729,760.4,11.0
U101021,3.0,256.0,64.0,47.0,1321.0,647.0,68.0,5.0,0.456,280.8,12.0
U101025,8.0,465.0,93.0,51.0,635.0,815.0,88.2,3.0,0.458,576.1,10.0
U101104,4.0,263.0,75.0,33.0,692.0,627.0,87.8,1.0,0.859,822.7,10.0
U100205,1.0,256.0,55.0,42.0,732.0,868.0,39.2,4.0,0.099,272.7,3.0
U100034,4.0,346.0,103.0,55.0,1669.0,883.0,53.7,6.0,0.756,220.8,6.0
U100775,5.0,387.0,81.0,21.0,1761.0,1002.0,67.9,4.0,0.04,432.3,8.0
U100508,4.0,350.0,82.0,35.0,2197.0,860.0,82.2,2.0,0.828,608.3,9.0
U101183,5.0,429.0,74.0,51.0,666.0,,74.7,5.0,0.338,640.2,13.0
U100091,6.0,381.0,54.0,56.0,486.0,710.0,43.3,3.0,0.316,162.7,6.0
U100897,5.0,379.0,26.0,35.0,832.0,414.0,42.6,2.0,0.095,254.5,1.0
U100564,,252.0,41.0,35.0,,777.0,101.0,5.0,0.413,513.3,8.0
U100776,3.0,,4.0,24.0,1913.0,226.0,55.2,3.0,0.094,285.2,4.0
U100241,8.0,422.0,111.0,40.0,415.0,724.0,58.3,4.0,0.413,267.8,12.0
U100013,2.0,280.0,42.0,23.0,998.0,826.0,78.3,5.0,0.529,503.1,8.0
U100315,5.0,258.0,105.0,57.0,1257.0,683.0,62.8,4.0,0.521,559.8,17.0
U100600,3.0,440.0,78.0,64.0,4559.0,970.0,70.8,6.0,0.321,397.9,6.0
U100387,6.0,465.0,120.0,53.0,621.0,1089.0,73.7,5.0,0.315,493.3,5.0
U100166,6.0,354.0,71.0,35.0,768.0,1013.0,110.3,6.0,0.458,,3.0
U100840,2.0,348.0,78.0,91.0,6405.0,1338.0,104.8,7.0,0.698,572.0,10.0
U100020,1.0,203.0,59.0,21.0,995.0,889.0,59.9,3.0,0.424,242.1,7.0
U100646,0.0,242.0,49.0,42.0,928.0,927.0,78.0,6.0,0.745,238.6,6.0
U101154,5.0,292.0,73.0,44.0,1318.0,835.0,91.3,4.0,0.837,640.0,12.0
U100831,7.0,502.0,99.0,65.0,4203.0,939.0,89.2,7.0,0.362,785.7,15.0
U100562,4.0,287.0,72.0,28.0,546.0,771.0,82.2,4.0,0.585,946.0,13.0
U101170,6.0,245.0,44.0,38.0,1756.0,244.0,55.2,2.0,0.549,537.7,1.0
U100686,5.0,347.0,94.0,37.0,878.0,819.0,86.4,5.0,0.454,766.9,13.0
U100957,5.0,321.0,86.0,70.0,437.0,940.0,111.0,,0.51,692.7,5.0
U100189,4.0,334.0,60.0,53.0,1194.0,844.0,113.3,6.0,0.283,674.1,
U100975,6.0,334.0,70.0,23.0,704.0,701.0,68.9,3.0,0.703,509.1,2.0
U100699,4.0,318.0,66.0,47.0,2525.0,570.0,52.8,4.0,0.664,321.5,7.0
U100510,3.0,263.0,53.0,31.0,227.0,596.0,18.2,2.0,0.503,,0.0
U101082,8.0,590.0,125.0,96.0,4426.0,1000.0,65.6,5.0,0.408,426.8,13.0
U100474,5.0,412.0,96.0,40.0,916.0,679.0,80.0,5.0,0.171,390.1,2.0
U100856,3.0,296.0,69.0,51.0,567.0,832.0,41.0,6.0,0.392,154.1,1.0
U100747,4.0,297.0,60.0,43.0,1570.0,970.0,77.9,5.0,0.332,698.1,7.0
U100252,3.0,360.0,67.0,83.0,4226.0,1121.0,90.6,6.0,0.322,787.0,14.0
U100021,1.0,295.0,64.0,46.0,1391.0,623.0,45.4,3.0,0.197,182.0,0.0
U100459,3.0,232.0,62.0,21.0,361.0,602.0,70.5,3.0,0.298,501.3,10.0
U100276,3.0,440.0,82.0,70.0,1403.0,792.0,59.8,3.0,0.303,490.6,9.0
U100955,0.0,232.0,61.0,35.0,440.0,1161.0,109.4,6.0,0.624,649.4,4.0
U100385,4.0,228.0,44.0,37.0,782.0,262.0,53.1,2.0,0.417,434.4,7.0
U100805,3.0,436.0,94.0,73.0,2910.0,931.0,82.1,6.0,0.914,249.6,8.0
U100343,2.0,256.0,45.0,11.0,509.0,980.0,105.6,4.0,0.803,645.9,12.0
U100769,,400.0,73.0,54.0,1771.0,1120.0,105.7,6.0,0.645,785.6,4.0
U100130,4.0,223.0,37.0,41.0,965.0,338.0,54.5,3.0,0.48,482.8,4.0
U100871,1.0,126.0,11.0,48.0,930.0,300.0,51.2,2.0,0.309,379.1,7.0
U101123,5.0,315.0,69.0,32.0,967.0,568.0,50.6,4.0,0.45,191.6,7.0
U100087,,464.0,64.0,58.0,8182.0,597.0,93.7,4.0,0.501,777.2,13.0
U100330,3.0,366.0,78.0,62.0,1221.0,1256.0,67.9,6.0,0.171,372.7,15.0
U100466,4.0,392.0,61.0,52.0,1486.0,594.0,32.7,5.0,0.372,124.0,11.0
U100121,5.0,388.0,75.0,61.0,986.0,664.0,80.4,4.0,0.726,796.9,13.0
U101044,2.0,290.0,74.0,36.0,1094.0,864.0,55.8,3.0,0.447,629.4,7.0
U101095,6.0,427.0,98.0,65.0,743.0,928.0,91.0,6.0,0.259,518.6,15.0
U101130,8.0,322.0,87.0,37.0,509.0,440.0,62.0,3.0,0.472,426.9,3.0
U100860,2.0,122.0,25.0,24.0,2882.0,416.0,69.8,2.0,0.916,527.9,2.0
U101126,5.0,345.0,52.0,57.0,2809.0,769.0,101.2,6.0,0.358,658.7,15.0
U100747,4.0,297.0,60.0,43.0,1570.0,970.0,77.9,5.0,0.332,698.1,7.0
U100872,5.0,282.0,61.0,32.0,905.0,566.0,87.1,5.0,0.624,543.2,11.0
U100140,7.0,369.0,80.0,55.0,1002.0,814.0,54.2,6.0,0.089,422.7,13.0
U100097,0.0,96.0,21.0,11.0,1051.0,350.0,46.9,2.0,0.408,657.1,
U101001,7.0,428.0,76.0,44.0,836.0,540.0,63.2,3.0,0.485,284.1,5.0
U101064,8.0,521.0,112.0,58.0,1787.0,561.0,75.1,3.0,0.688,399.1,9.0
U100599,2.0,157.0,23.0,16.0,805.0,473.0,56.0,1.0,0.42,486.8,9.0
U101188,2.0,279.0,61.0,42.0,1034.0,1152.0,105.5,5.0,0.779,586.3,7.0
U100485,6.0,392.0,95.0,80.0,1247.0,877.0,68.9,2.0,0.414,495.3,5.0
U101184,1.0,279.0,43.0,61.0,651.0,938.0,71.0,5.0,0.574,118.0,7.0
U100574,5.0,520.0,92.0,56.0,5248.0,1119.0,60.4,4.0,0.179,553.8,4.0
U100950,2.0,207.0,49.0,18.0,980.0,242.0,68.6,1.0,0.545,428.2,9.0
U100819,1.0,198.0,58.0,49.0,2118.0,571.0,66.7,2.0,0.592,508.8,4.0
U101136,8.0,551.0,101.0,97.0,1481.0,1373.0,45.3,4.0,0.28,259.2,4.0
U101157,4.0,359.0,84.0,69.0,1674.0,1204.0,111.9,6.0,0.778,731.2,12.0
U100095,7.0,540.0,98.0,49.0,810.0,707.0,28.0,2.0,0.33,340.7,6.0
U100579,3.0,422.0,64.0,83.0,1267.0,1329.0,80.8,5.0,0.064,665.2,11.0
U100564,,255.0,41.0,35.0,,777.0,101.0,5.0,0.413,513.3,8.0
U101038,4.0,297.0,83.0,46.0,1353.0,666.0,84.2,6.0,0.395,591.5,12.0
U101063,3.0,323.0,51.0,21.0,827.0,880.0,93.2,6.0,0.144,538.4,9.0
