user_id,gender,birth_year,province,city,age
1832205887,m,1990,四川,None,36
1737245804,m,1982,吉林,长春,44
2157991124,m,1976,四川,成都,50
2758890931,f,1983,黑龙江,哈尔滨,43
1802646764,m,1981,湖南,长沙,45
2689158192,m,2012,广东,惠州,14
2174872865,m,1992,河南,None,34
2620064335,m,1987,内蒙古,乌兰察布市,39
2384265237,m,1986,北京,怀柔区,40
1148490452,m,1980,江苏,常州,46
1501537123,f,1972,江苏,南京,54
1824554193,f,1987,河南,郑州,39
2608359511,m,1992,北京,海淀区,34
1906540813,m,1963,四川,成都,63
2551897037,f,1988,北京,丰台区,38
1434980175,m,1987,北京,朝阳区,39
3238126224,m,1993,None,None,33
2392463044,m,1973,广东,广州,53
1232357440,m,1984,广东,清远,42
1747993413,f,1989,江苏,镇江,37
2414876742,f,1992,海南,海口,34
1885606850,m,1987,广东,东莞,39
1667189253,m,1989,北京,None,37
2339842461,m,1988,吉林,吉林,38
1635599723,f,1991,湖北,武汉,35
2568660411,f,1985,辽宁,沈阳,41
2566245461,f,1980,广东,佛山,46
1926567041,m,1991,贵州,贵阳,35
1784069294,m,1989,内蒙古,呼和浩特,37
1371242507,m,1987,湖北,武汉,39
1188663713,m,1987,北京,朝阳区,39
2359047693,m,1977,天津,南开区,49
2470415655,m,1979,天津,None,47
1455054060,m,1974,辽宁,鞍山,52
2783102842,m,1989,河北,承德,37
1569696712,m,1986,湖南,长沙,40
1259665552,f,1986,江苏,南通,40
1851492211,m,1989,上海,长宁区,37
2554223121,f,1985,上海,闵行区,41
2556475431,m,1986,河南,南阳,40
2042479307,m,1988,湖北,武汉,38
1060826655,f,1968,澳门,花地玛堂区,58
1883901472,m,1990,山东,潍坊,36
2279217071,m,1984,北京,东城区,42
1373489457,f,1991,广东,佛山,35
2184314913,f,1990,北京,大兴区,36
1686651900,m,1985,广东,深圳,41
1781505577,f,1985,广东,深圳,41
1748702867,m,1979,浙江,杭州,47
1896571557,m,1991,广东,深圳,35
1859536483,m,1991,北京,丰台区,35
2374993503,m,1992,陕西,西安,34
2664316803,m,1988,北京,顺义区,38
1430390205,m,1985,福建,福州,41
1607785321,m,1990,广东,深圳,36
1594696924,m,1980,上海,松江区,46
3092571294,m,1984,浙江,杭州,42
2266407050,m,1988,广东,江门,38
2631354283,m,1973,上海,闵行区,53
1732334767,m,1979,四川,成都,47
1889885897,f,1990,辽宁,锦州,36
1241675227,f,1989,北京,通州区,37
1293478172,m,1988,湖南,株洲,38
1787735945,f,1982,北京,宣武区,44
1350985673,m,1987,广东,深圳,39
1719632457,f,1990,河南,周口,36
1565829113,f,1989,浙江,嘉兴,37
2797914753,m,1992,山东,青岛,34
1613108451,m,1989,北京,朝阳区,37
1899538205,m,1989,浙江,宁波,37
1316352060,m,1987,北京,丰台区,39
1734094450,f,1986,北京,海淀区,40
1763430721,m,1984,山西,大同,42
1224744067,m,1974,河南,洛阳,52
2848417114,f,1984,广东,珠海,42
2508702183,m,1993,北京,西城区,33
1898184517,f,1988,贵州,None,38
2784471460,m,1985,四川,成都,41
3215965367,f,1990,河北,石家庄,36
2336510900,f,1988,河北,沧州,38
2378075602,m,1979,河北,廊坊,47
1439337317,m,1979,河南,郑州,47
3288754810,m,1994,None,None,32
2806229264,m,1991,福建,宁德,35
1829977841,m,1982,None,None,44
2425229475,m,1997,广东,潮州,29
1684765294,f,1988,北京,朝阳区,38
2759248172,m,1990,浙江,杭州,36
1950832423,m,1990,四川,南充,36
2202863717,m,1983,上海,杨浦区,43
1842698572,f,1984,上海,静安区,42
1326594255,f,1987,北京,海淀区,39
3174853983,f,1994,山东,济南,32
2411618371,m,1990,四川,成都,36
2975116712,m,1962,吉林,四平,64
3216975567,m,1988,上海,浦东新区,38
1832927052,m,1977,四川,成都,49
1995909937,m,1987,河南,郑州,39
2080820933,m,1988,北京,西城区,38
1925339215,f,1987,北京,东城区,39
2219772297,m,1991,北京,海淀区,35
2843238552,m,1978,山东,济南,48
1736592633,m,1987,上海,徐汇区,39
1825985183,m,1985,广东,深圳,41
1159199603,m,1987,湖北,仙桃,39
1782282487,m,1983,四川,雅安,43
1761683935,m,1970,北京,东城区,56
1559697097,m,1985,四川,成都,41
2770477853,f,1984,山西,太原,42
3065334125,m,1988,北京,海淀区,38
2294964585,m,1990,山东,济南,36
1952972557,m,1981,山西,晋城,45
1189667777,f,1986,江苏,无锡,40
1746538995,m,1990,山东,济宁,36
1187616800,m,1986,四川,成都,40
1876767291,m,1990,上海,嘉定区,36
1059811705,f,1985,福建,福州,41
1451094090,m,1980,广东,广州,46
1906059051,m,1990,湖南,长沙,36
2191691132,f,1989,广东,None,37
1729209245,m,1959,新疆,None,67
2598187167,m,1995,浙江,杭州,31
1832445470,m,1987,广东,东莞,39
2599431412,m,1991,安徽,黄山,35
2270493101,m,1989,广东,深圳,37
2992931461,m,1993,湖北,武汉,33
1676806131,m,1989,江苏,南京,37
1914026090,m,1985,湖北,武汉,41
1626113487,m,1988,福建,三明,38
2643609971,m,1988,广东,湛江,38
2879358660,m,1977,广东,广州,49
1339179775,m,1983,江苏,泰州,43
2157079812,m,1994,江苏,苏州,32
2910597697,m,1996,上海,闵行区,30
2726708751,m,1993,湖南,长沙,33
2087428181,m,1989,安徽,淮北,37
2678752994,m,1985,黑龙江,哈尔滨,41
2710229927,m,1985,北京,海淀区,41
1043803151,m,1984,江苏,无锡,42
1837418251,m,1985,上海,None,41
3105189634,m,1990,None,None,36
1877924947,f,1984,吉林,长春,42
2635029183,m,1988,None,None,38
1857171682,f,1980,广东,东莞,46
2156182452,m,1984,福建,泉州,42
2729688593,m,1986,北京,海淀区,40
1613643334,f,1982,四川,成都,44
2270696340,f,1988,四川,成都,38
2361502903,m,1988,辽宁,沈阳,38
1772586931,m,1994,四川,自贡,32
1807079774,f,1982,天津,河东区,44
1740931141,m,1990,广东,佛山,36
2652985161,m,2012,江西,南昌,14
1676425347,m,1979,广东,广州,47
3194719287,m,1986,浙江,杭州,40
1886524377,f,1986,北京,海淀区,40
1899255095,m,1985,广西,桂林,41
3107581884,m,2013,广东,东莞,13
2810340224,m,1993,广东,广州,33
1098629377,m,1982,河南,郑州,44
1240396260,m,1984,内蒙古,赤峰,42
1220516403,m,1984,湖南,长沙,42
2467338307,m,1990,北京,东城区,36
1183386607,m,1986,天津,津南区,40
1811481411,m,1987,广东,东莞,39
2351366965,f,1992,福建,宁德,34
1144100415,m,1980,辽宁,None,46
1746656490,f,1962,四川,成都,64
2390110793,m,1990,辽宁,大连,36
1777585837,m,1984,广东,深圳,42
2294934502,m,1977,广东,惠州,49
1460514640,m,1985,北京,东城区,41
1438808044,m,1990,广东,东莞,36
2815062767,m,1982,北京,大兴区,44
2207413394,f,2011,辽宁,沈阳,15
1885708694,f,1982,上海,浦东新区,44
2614267473,f,1989,四川,成都,37
1599771051,m,1989,广东,深圳,37
2243558412,m,1976,广东,中山,50
2643005151,f,1994,北京,海淀区,32
1274816355,f,1991,湖南,长沙,35
2174410825,m,1993,山东,日照,33
1994910264,m,1990,陕西,西安,36
1374643444,m,1952,河南,郑州,74
1686112450,m,1988,北京,东城区,38
1674191071,m,1985,河北,唐山,41
2429621573,m,1990,广东,广州,36
2387007350,f,1990,广东,云浮,36
1230529933,m,1985,广东,深圳,41
1793647445,f,1988,山东,烟台,38
2549285735,f,1969,北京,None,57
1849808062,m,1992,江西,南昌,34
2797506562,f,1990,广东,佛山,36
1781380835,f,1989,None,None,37
3090068625,m,1986,云南,昆明,40
1873646092,m,1991,广东,广州,35
2152487567,m,1986,福建,龙岩,40
2233454743,m,1977,北京,东城区,49
1652706330,m,1982,湖南,长沙,44
2324394184,m,1986,广东,深圳,40
2689876495,f,1990,广东,中山,36
2269853215,m,1989,黑龙江,哈尔滨,37
1562605187,m,1985,广东,深圳,41
2410320191,f,1993,重庆,沙坪坝区,33
1253724562,f,1987,北京,海淀区,39
2213316044,m,1987,江苏,连云港,39
1578075153,m,1989,浙江,宁波,37
1933308087,m,1990,湖北,武汉,36
2001101695,f,1991,辽宁,丹东,35
1639929350,m,1981,北京,海淀区,45
1877219351,m,1990,湖北,武汉,36
1906072813,m,1988,河北,石家庄,38
2252518402,m,1988,陕西,西安,38
1352085744,f,1983,福建,泉州,43
2826671191,m,1985,北京,昌平区,41
1826754485,f,1982,黑龙江,大庆,44
2201743535,m,1991,江苏,苏州,35
2509548344,m,1992,上海,嘉定区,34
1794056354,f,1990,河北,秦皇岛,36
1807064527,m,1995,安徽,铜陵,31
2409011694,f,1982,北京,朝阳区,44
1053604635,m,1982,河北,保定,44
2183941792,m,1966,广东,佛山,60
2195074157,m,1982,广东,广州,44
1431643293,m,1990,辽宁,大连,36
2345037351,m,1978,北京,通州区,48
1849913153,f,1991,天津,河北区,35
1582067643,m,1992,辽宁,丹东,34
2794132575,f,1986,辽宁,盘锦,40
3137492907,m,1991,河南,郑州,35
1465583350,m,1965,北京,石景山区,61
2314121833,m,1952,北京,大兴区,74
1609567144,m,1987,四川,乐山,39
2100704481,m,1986,江苏,泰州,40
1415419965,f,1982,辽宁,沈阳,44
1825555577,m,1993,广东,江门,33
2197914831,m,1988,山西,晋中,38
1966410727,m,1993,广东,江门,33
1839813973,m,1987,广东,广州,39
1852314980,f,1991,北京,海淀区,35
2708269697,m,1993,江苏,南通,33
2721977861,m,1986,四川,成都,40
2696728562,m,1993,四川,成都,33
2365562540,f,1989,广东,深圳,37
1859508022,m,1988,北京,海淀区,38
1348661363,m,1985,陕西,渭南,41
1836235434,m,1989,福建,厦门,37
1255653507,m,1985,重庆,沙坪坝区,41
2439546825,f,1990,北京,朝阳区,36
2461181234,m,1982,广东,广州,44
3393415554,m,1983,上海,杨浦区,43
2599764527,m,1991,湖北,鄂州,35
2946762890,f,1991,辽宁,沈阳,35
2913373103,m,1989,None,None,37
1880274225,f,1986,河北,石家庄,40
2055045167,f,1990,陕西,宝鸡,36
1846045190,f,1984,江苏,苏州,42
1863092000,m,1990,湖北,武汉,36
2050062564,f,1980,广东,广州,46
1725340015,m,1984,广东,珠海,42
2950687055,m,1986,北京,朝阳区,40
1919788970,m,1990,北京,朝阳区,36
2420564437,m,1992,北京,平谷区,34
2712906390,f,1987,广东,深圳,39
3089315650,m,1978,江苏,无锡,48
2365660992,f,1984,湖北,武汉,42
1784906061,m,1990,北京,朝阳区,36
2884317945,m,1982,山东,None,44
2156968545,m,1976,陕西,宝鸡,50
2704939392,m,1987,广东,深圳,39
1940832984,m,1992,香港,东区,34
2024616497,m,1973,北京,西城区,53
1900510741,m,1983,广东,佛山,43
2446490200,m,1991,广东,东莞,35
1092189222,f,1981,广东,佛山,45
2098193794,m,1990,云南,大理,36
2849084665,f,1992,云南,昆明,34
2784524840,m,1988,北京,海淀区,38
2796712420,m,1990,江苏,苏州,36
1774111643,m,1983,北京,海淀区,43
2518536917,m,1991,广东,None,35
2085435231,m,1992,广东,广州,34
2201667470,m,1993,广东,清远,33
1965588952,f,1981,北京,朝阳区,45
1872101961,m,1984,辽宁,大连,42
1402577037,m,1972,天津,None,54
1932419574,m,1986,福建,三明,40
1765437043,m,1988,天津,西青区,38
1758246243,m,1989,天津,None,37
1631961193,m,1972,黑龙江,哈尔滨,54
1749149151,f,1976,山东,青岛,50
2934129350,f,1987,江西,南昌,39
2512042087,m,1991,河南,郑州,35
1470873021,m,1981,上海,金山区,45
1596416504,m,1979,湖南,长沙,47
2512632042,m,1990,河南,信阳,36
2621601585,f,1989,广东,广州,37
2429289123,m,1987,江苏,None,39
1671349997,f,1975,湖南,长沙,51
1904119455,f,1987,广东,广州,39
2652449783,m,1965,江苏,徐州,61
2278186020,m,1990,上海,松江区,36
2325282057,m,1989,吉林,长春,37
2985865413,f,1988,甘肃,天水,38
2447582687,m,1991,江苏,宿迁,35
1146626933,m,1984,广东,广州,42
716806,m,1982,北京,宣武区,44
1319465940,m,1989,广东,茂名,37
2447144960,f,1988,北京,大兴区,38
2174743540,f,1991,广东,广州,35
2557244073,m,1990,广东,None,36
1900107197,m,1991,河南,平顶山,35
1740454977,f,1986,广东,深圳,40
3214752777,f,1990,上海,徐汇区,36
2481626311,f,1988,广东,广州,38
1481218724,m,1988,陕西,西安,38
1770678995,m,1986,福建,福州,40
2425808512,f,1992,上海,普陀区,34
2434019423,m,1989,江苏,南京,37
2699471344,m,1983,海外,None,43
2291075214,m,1994,湖北,武汉,32
1660772115,f,1990,广东,广州,36
1764272082,m,1991,江苏,常州,35
1222943007,m,1971,安徽,安庆,55
2858658484,f,1990,广东,惠州,36
3060631915,m,1988,江苏,无锡,38
1897758057,m,1986,河南,洛阳,40
2364838425,f,1989,辽宁,抚顺,37
1018758050,m,1974,上海,嘉定区,52
1660349210,m,1983,上海,杨浦区,43
2219136992,m,1991,云南,曲靖,35
3259998842,m,1986,重庆,沙坪坝区,40
2081264187,f,1989,湖北,孝感,37
3190313390,m,1981,广东,深圳,45
1811401642,m,1984,甘肃,兰州,42
1347791024,m,1987,天津,河北区,39
1479863330,m,1983,湖北,武汉,43
1937435513,m,1987,None,None,39
2709182477,m,1985,广东,广州,41
1577882840,f,1987,北京,None,39
1656634311,m,1980,广东,东莞,46
1704431677,m,1968,北京,海淀区,58
2556288795,f,2005,山东,济南,21
1506805043,m,1994,天津,保税区,32
2657979557,m,1990,甘肃,平凉,36
2864596810,m,1990,北京,大兴区,36
1745478803,f,1985,上海,黄浦区,41
1971796875,f,2014,北京,通州区,12
1098452730,f,1980,北京,大兴区,46
1404024870,f,1988,甘肃,天水,38
2331721460,f,1986,上海,闵行区,40
2347734825,f,1981,上海,长宁区,45
2825821634,f,1987,江苏,苏州,39
2279911467,m,1983,江苏,盐城,43
2673845253,m,1989,广东,湛江,37
1862630831,m,2013,北京,海淀区,13
2264393035,m,1987,安徽,合肥,39
2122659607,f,1990,北京,None,36
2826745592,m,1992,江苏,苏州,34
1828330544,f,1987,江苏,南京,39
1767505631,m,1977,河南,洛阳,49
1879552610,f,1986,上海,虹口区,40
2273876401,f,1989,浙江,杭州,37
2431540245,m,1970,四川,凉山,56
3224253341,f,1988,福建,厦门,38
2424252015,f,1990,北京,顺义区,36
1830076163,m,1977,广西,桂林,49
2510126537,m,1990,河南,None,36
1154660451,m,1983,广东,汕尾,43
2369217233,m,1989,江苏,南通,37
1733810555,f,1986,北京,朝阳区,40
2165319224,m,1982,江西,九江,44
2831871204,f,1982,湖北,武汉,44
2721416092,m,1992,山东,泰安,34
2405167273,m,1980,上海,卢湾区,46
1805522217,m,1970,天津,和平区,56
2640708535,f,2014,湖北,武汉,12
3004164895,m,1991,湖南,益阳,35
1986741317,f,1991,山东,淄博,35
3023680391,m,1990,广东,深圳,36
1055785310,m,1974,江苏,南通,52
2585849974,f,1989,贵州,遵义,37
2154510210,m,1986,湖北,武汉,40
2880364094,m,1969,上海,闸北区,57
2340907895,f,1995,四川,成都,31
2890041980,m,1976,天津,河西区,50
1629994152,f,1988,天津,津南区,38
1291184563,f,1986,湖南,长沙,40
3516829994,m,1980,重庆,大渡口区,46
2995916082,m,1989,陕西,延安,37
1719858727,m,1988,辽宁,沈阳,38
1738167827,m,1988,江苏,苏州,38
1882963582,m,1991,云南,玉溪,35
1827640745,f,1982,北京,海淀区,44
1409626027,m,1961,四川,德阳,65
2476421847,f,1988,湖北,武汉,38
1689707445,f,1993,辽宁,沈阳,33
1261212907,m,1979,北京,丰台区,47
2433973710,m,1968,甘肃,平凉,58
1427083434,m,2000,云南,昆明,26
2067363523,m,1974,吉林,长春,52
1405871943,m,1980,江苏,徐州,46
1224368801,m,1988,天津,南开区,38
2641327197,m,1990,河南,信阳,36
2016383237,m,1991,陕西,西安,35
2043171572,m,1988,北京,海淀区,38
2433732664,m,1987,广东,广州,39
2923683023,m,1990,None,None,36
2860923485,m,1986,北京,朝阳区,40
2287686161,f,1988,北京,朝阳区,38
2648547463,m,1990,上海,徐汇区,36
1871772304,m,1982,安徽,合肥,44
1997480353,m,1980,上海,长宁区,46
2787750251,m,1990,None,None,36
1214267013,f,1987,北京,丰台区,39
3170252565,f,1992,北京,海淀区,34
1899498760,f,1988,四川,成都,38
1659461461,f,1987,北京,朝阳区,39
1426528571,f,1981,福建,厦门,45
3209392272,m,1989,浙江,宁波,37
1738121885,f,2013,江苏,苏州,13
2884787240,m,1988,北京,怀柔区,38
2423857654,m,1989,江苏,苏州,37
1787621977,m,1989,天津,静海县,37
1062891443,m,1985,江苏,南通,41
1734254094,f,1986,北京,朝阳区,40
2395429241,f,1992,天津,河西区,34
1402381433,m,1969,北京,朝阳区,57
2178338714,m,1988,北京,东城区,38
2097116555,f,1990,北京,海淀区,36
2930342895,f,1975,None,None,51
1501933510,f,1990,浙江,台州,36
1565449602,f,1986,安徽,合肥,40
1349252165,f,2013,None,None,13
1314275484,m,1985,江西,南昌,41
1770762930,f,1991,广东,佛山,35
2505403143,m,1990,浙江,宁波,36
2417543797,m,1987,广东,广州,39
2219186615,m,1985,北京,None,41
1901508711,m,1988,山东,济南,38
1884524364,m,1983,湖南,怀化,43
2467156480,m,2000,山东,聊城,26
1870782502,m,1990,浙江,温州,36
1655705322,m,1991,湖南,常德,35
3157077131,m,1985,广西,南宁,41
1898563181,m,1990,广东,东莞,36
2414241525,f,1989,北京,海淀区,37
1790274853,m,1988,河北,保定,38
2190994474,m,2011,江苏,苏州,15
1809003282,m,1985,黑龙江,鸡西,41
1501252477,m,1968,陕西,西安,58
2756247733,m,1981,天津,南开区,45
1824006484,f,1987,广东,广州,39
1841951235,m,1986,上海,浦东新区,40
2447412575,m,1991,None,None,35
2629435310,f,1991,上海,崇明县,35
1404646101,m,1969,北京,东城区,57
1965437723,m,1979,浙江,嘉兴,47
1791344263,m,1990,广东,佛山,36
1750150054,m,1984,广东,广州,42
1508405903,m,1988,山西,晋中,38
1854638735,m,1986,北京,大兴区,40
1771677613,m,1994,湖北,武汉,32
1229124342,f,1986,广东,佛山,40
2510491070,m,1984,福建,厦门,42
1791285117,f,1989,北京,宣武区,37
1813293767,m,1991,甘肃,天水,35
2142576005,m,1971,安徽,合肥,55
2478618950,m,1988,上海,闸北区,38
2313067290,m,1989,广东,深圳,37
2855151710,m,1986,上海,青浦区,40
3140147087,m,1987,山东,临沂,39
2797503444,m,1962,上海,宝山区,64
2258489553,m,1985,四川,成都,41
2633447022,m,1970,四川,成都,56
1708228075,m,1993,江苏,None,33
2499523875,m,1988,广东,深圳,38
1761157244,m,1983,海外,None,43
1853494681,m,1990,广东,肇庆,36
2686069645,f,1968,None,None,58
1686378260,f,1997,上海,宝山区,29
2676818132,m,1990,四川,成都,36
1277628097,m,1989,北京,丰台区,37
1341429691,m,1981,上海,虹口区,45
1859151414,m,1987,江苏,徐州,39
2640894401,m,1989,北京,海淀区,37
2557068390,m,1992,湖南,株洲,34
2320632154,m,1991,湖北,恩施土家族苗族自治州,35
1768965121,m,1990,河南,郑州,36
1723711875,m,1985,山东,济宁,41
1746276325,m,1988,海南,海口,38
1868368380,m,1984,上海,普陀区,42
1906665247,m,1990,广东,东莞,36
2194652521,m,1990,上海,杨浦区,36
3053236965,f,1967,河北,秦皇岛,59
2865432274,m,1981,上海,浦东新区,45
1894847817,m,1986,广东,佛山,40
2450269157,m,1989,天津,南开区,37
2277971613,m,1990,广东,广州,36
2462629810,f,1985,广东,广州,41
2532215272,f,1990,北京,海淀区,36
1951057673,m,1988,河南,安阳,38
1704687234,m,1987,江苏,苏州,39
2541462324,m,1984,河北,沧州,42
2171715810,m,1987,广东,广州,39
1569107671,m,1978,山西,太原,48
2574285541,m,1973,广东,广州,53
1444630150,m,1985,江西,南昌,41
2193039293,m,1995,海外,美国,31
2080043962,m,1991,天津,和平区,35
1699759547,m,1990,海外,新加坡,36
1316385074,m,1985,江苏,南京,41
2281064877,f,1988,山东,济南,38
1732204930,m,1986,广东,中山,40
2588577092,f,1990,北京,朝阳区,36
1639612174,f,1989,广东,深圳,37
2185947820,m,1990,江西,南昌,36
2737556235,m,1992,河南,郑州,34
2639533157,m,1989,广东,广州,37
2637484897,f,1988,广东,深圳,38
1869215504,m,1976,广东,深圳,50
2158185472,m,1991,广东,深圳,35
2597880837,m,1994,浙江,绍兴,32
1616028075,f,1987,黑龙江,哈尔滨,39
1654070927,m,1978,山东,菏泽,48
2717523094,m,1990,河南,郑州,36
2239342067,f,1983,河北,廊坊,43
1530170902,m,1991,福建,福州,35
1646988674,m,1986,北京,海淀区,40
2090162182,m,1987,上海,浦东新区,39
2235289404,m,1987,湖北,荆州,39
2517307721,f,1992,安徽,合肥,34
1778099741,f,1990,河北,石家庄,36
1868117693,m,1988,广东,深圳,38
1876196963,m,1958,四川,雅安,68
2113172537,m,1986,上海,徐汇区,40
2637532413,m,1987,广东,深圳,39
2258674623,f,1982,北京,None,44
2261240527,m,1994,湖北,None,32
1410411190,m,1982,北京,东城区,44
1806897033,m,1993,浙江,宁波,33
1876550773,m,1978,北京,海淀区,48
2311927847,m,1988,浙江,金华,38
1782087195,m,1990,广东,深圳,36
2276413207,m,1981,上海,金山区,45
2690806271,m,1985,辽宁,沈阳,41
1880419727,m,1986,北京,海淀区,40
1901141337,f,1990,广东,深圳,36
1893887164,m,1990,贵州,黔东南,36
1569559774,f,1987,广东,揭阳,39
1571157947,f,1994,浙江,嘉兴,32
1907197884,m,1982,江苏,苏州,44
2375103381,m,1987,辽宁,沈阳,39
1053815835,m,1973,上海,黄浦区,53
2651372643,m,1986,山东,青岛,40
2327443442,m,1995,海南,三亚,31
2184575134,f,1993,湖南,长沙,33
1508618043,f,1988,北京,朝阳区,38
1796113032,m,1983,广东,深圳,43
1703735901,m,1990,广东,广州,36
1861641567,m,1982,广东,东莞,44
1757849541,m,1989,山东,临沂,37
1860334884,m,1987,北京,海淀区,39
2052485103,m,1988,河南,郑州,38
1441140497,m,1984,广东,肇庆,42
1712119175,f,1983,广西,桂林,43
1180117045,m,1981,北京,朝阳区,45
1584006993,m,1978,山西,运城,48
2607736283,m,1991,福建,南平,35
1134857633,f,1981,江苏,无锡,45
1892819535,f,1990,江西,南昌,36
3028407747,m,1994,辽宁,朝阳,32
2136669792,m,1978,上海,黄浦区,48
2236406737,m,1987,湖北,武汉,39
1083892455,m,1983,北京,西城区,43
2297012745,m,1988,北京,海淀区,38
3135091385,f,1988,山东,莱芜,38
2532648955,m,1990,上海,徐汇区,36
3041536093,f,1988,天津,南开区,38
2628115141,m,2001,广东,广州,25
66118686,m,1983,河北,石家庄,43
1738301812,m,1989,北京,海淀区,37
2010014364,m,1990,江苏,苏州,36
1170445607,m,1984,海外,澳大利亚,42
2255252663,f,1990,湖北,宜昌,36
1430070354,m,1975,上海,黄浦区,51
1829011263,f,1989,北京,朝阳区,37
1676099474,m,1987,河北,廊坊,39
1155537520,m,1981,江苏,常州,45
1450173603,m,1985,天津,北辰区,41
1649131110,m,1986,河南,郑州,40
2480330582,m,1985,广东,茂名,41
2823940245,m,1984,湖南,长沙,42
1103763581,m,1986,四川,成都,40
1630401677,m,1984,北京,丰台区,42
2435140321,f,1991,北京,大兴区,35
1762663505,m,1990,河南,郑州,36
1043942320,m,1980,浙江,嘉兴,46
1874745575,m,1983,北京,海淀区,43
2366176124,m,1986,浙江,杭州,40
1586578994,m,1990,四川,德阳,36
3207140350,m,1988,江苏,无锡,38
1801549415,m,1984,广东,广州,42
2617923687,f,1985,内蒙古,巴彦淖尔盟,41
1813092571,m,1964,北京,石景山区,62
1870547490,m,1986,广东,广州,40
2340474644,m,1982,四川,成都,44
2693669723,f,1992,福建,漳州,34
1943318837,m,1994,广东,深圳,32
2418487833,m,1985,江苏,南京,41
1691545977,m,1982,北京,海淀区,44
1684180984,m,1990,湖北,武汉,36
2700255174,m,1985,陕西,西安,41
2820368757,f,1987,江西,景德镇,39
1948175537,m,1983,上海,浦东新区,43
1743510337,m,1987,广东,佛山,39
2633022711,m,1966,北京,海淀区,60
2322379553,f,1990,北京,密云县,36
1015340642,m,1969,天津,河东区,57
2399725633,m,1982,青海,西宁,44
2399498421,f,1984,黑龙江,大庆,42
1729239493,m,1986,四川,巴中,40
1697231200,m,1985,广东,深圳,41
2548298441,m,1978,河北,石家庄,48
1849628571,f,1989,海外,意大利,37
1612104480,m,1990,广东,深圳,36
2650618153,m,1988,江苏,苏州,38
1698940783,f,1986,北京,门头沟区,40
1447799381,m,1990,内蒙古,呼和浩特,36
3028144337,m,1991,河南,郑州,35
2190665950,m,1990,甘肃,兰州,36
1072632781,m,1980,江苏,徐州,46
1096878100,m,1973,北京,海淀区,53
1909557342,m,1989,辽宁,鞍山,37
2433186844,m,1991,广东,广州,35
1742259502,m,1992,河南,郑州,34
1655353152,f,1980,广东,东莞,46
3127953945,m,1984,广东,广州,42
1748972675,m,1990,河南,郑州,36
2348440613,m,1986,北京,西城区,40
2054320061,m,1986,山东,淄博,40
1861561614,f,1980,河北,石家庄,46
2454486937,m,1989,None,None,37
2837913284,f,1993,四川,广元,33
1839782034,m,1989,河南,焦作,37
2118767125,m,1991,北京,None,35
2268582183,f,1990,北京,大兴区,36
2983699222,m,1990,黑龙江,佳木斯,36
2314364965,m,1992,江苏,镇江,34
1132390020,m,1988,河北,石家庄,38
1839315180,m,1987,重庆,None,39
1269960281,m,1986,重庆,沙坪坝区,40
2067815572,m,1983,海外,None,43
2146935630,f,1976,广东,佛山,50
1774196405,f,1986,江苏,南京,40
1057244265,m,1991,天津,红桥区,35
2343510011,f,1989,北京,东城区,37
2835016991,f,1993,黑龙江,齐齐哈尔,33
1563321553,m,1979,北京,延庆县,47
1841532445,m,1993,浙江,宁波,33
2480964193,f,1992,云南,楚雄,34
1693106901,m,1992,四川,成都,34
2198298544,f,1985,None,None,41
1620727365,m,1987,四川,成都,39
1004447270,f,2005,上海,嘉定区,21
2708104205,m,1988,None,None,38
1704541462,f,1983,江苏,南京,43
3210334122,m,1989,北京,海淀区,37
1864190804,m,2010,内蒙古,阿拉善盟,16
2327401417,m,1976,北京,朝阳区,50
2689983731,m,1983,浙江,金华,43
2284693997,m,1991,北京,朝阳区,35
2553011822,m,1991,黑龙江,哈尔滨,35
1751586241,m,1990,河北,石家庄,36
1772383735,m,1982,山东,东营,44
2000917411,f,1989,江西,赣州,37
2785606673,m,2014,海外,泰国,12
2932340223,m,1993,广东,广州,33
2565113870,m,1965,广东,深圳,61
1490696622,m,1979,辽宁,大连,47
2258109300,m,1989,广东,佛山,37
2384931697,m,1973,北京,东城区,53
2295025384,m,1992,河南,郑州,34
2532732173,m,1986,广东,珠海,40
1965660077,m,1986,广东,肇庆,40
1665076993,f,1991,陕西,西安,35
1617316191,m,1988,江苏,苏州,38
1108636567,m,1986,北京,顺义区,40
1739454614,f,1989,上海,闸北区,37
2879012510,f,1990,河北,保定,36
3028177917,m,1986,上海,松江区,40
1746283583,f,1989,江苏,苏州,37
3152389610,m,1985,陕西,西安,41
1828391440,m,1990,广东,珠海,36
2313430783,m,1990,江苏,无锡,36
1730215987,m,1975,北京,海淀区,51
1619508401,f,1949,北京,东城区,77
2052875447,m,1983,北京,朝阳区,43
2213763325,m,1983,重庆,None,43
1790365251,m,1994,广东,佛山,32
2021952281,m,1992,江苏,扬州,34
1191272765,m,1981,辽宁,鞍山,45
2202258997,m,1988,浙江,宁波,38
1806683610,m,1991,浙江,杭州,35
2238791881,m,1986,辽宁,沈阳,40
1406492747,m,1982,四川,成都,44
1823611450,f,1992,新疆,乌鲁木齐,34
2712558153,m,1987,北京,西城区,39
1821415427,f,1988,北京,顺义区,38
1746868704,m,1990,广东,阳江,36
2326158714,m,1989,广东,深圳,37
1418867940,m,1976,广西,None,50
1834538350,f,1992,河南,信阳,34
1908320345,f,2012,北京,通州区,14
1748078585,m,1984,广东,广州,42
1912584421,f,2011,云南,None,15
2550784612,f,1981,北京,宣武区,45
1832300704,m,1984,广东,广州,42
2840282067,m,1990,北京,朝阳区,36
2132731751,m,1989,江苏,苏州,37
1803983203,f,1989,山东,济南,37
1918595237,f,1989,福建,宁德,37
2782236881,m,1988,江苏,无锡,38
2215283665,m,1977,重庆,合川区,49
2951240361,m,1991,天津,塘沽区,35
1871025475,m,1986,内蒙古,呼和浩特,40
1070540204,m,1980,北京,通州区,46
1477756232,m,1980,辽宁,大连,46
1559637864,m,1994,河南,洛阳,32
2262074814,m,1990,江苏,苏州,36
2122026721,m,1986,上海,静安区,40
1851568390,f,1982,上海,徐汇区,44
1871265520,m,1985,陕西,汉中,41
1784264254,f,1962,山东,济南,64
1404612213,m,1997,北京,东城区,29
2122445911,m,1982,北京,朝阳区,44
1653999862,m,1989,福建,泉州,37
1832274587,m,1985,河北,廊坊,41
2412021065,m,1975,山东,青岛,51
1868458600,m,1986,北京,海淀区,40
2586436454,f,1988,上海,嘉定区,38
3202096621,f,1987,北京,昌平区,39
1654163755,m,1990,福建,泉州,36
2143833575,m,1991,湖南,衡阳,35
1903547833,m,1990,安徽,阜阳,36
1869775754,m,1992,广东,广州,34
2198050563,m,1988,北京,崇文区,38
2052375680,m,1997,四川,内江,29
3153990227,f,1995,陕西,西安,31
2377053272,m,1990,安徽,合肥,36
1136659785,m,1986,上海,闸北区,40
1632966017,m,1989,天津,和平区,37
1669562701,m,1987,广东,江门,39
3034278350,m,1987,四川,凉山,39
2717304583,m,1986,广东,广州,40
1152055281,m,1980,陕西,西安,46
1653681802,m,1976,None,None,50
1736942351,f,1987,内蒙古,呼和浩特,39
1853925051,f,1990,黑龙江,哈尔滨,36
1088817922,m,1987,山东,济南,39
2626589193,m,1990,江苏,淮安,36
1653205932,f,1980,江苏,南京,46
2738257843,m,1991,湖北,None,35
1202139531,m,1977,上海,普陀区,49
1932280827,m,1991,河南,郑州,35
1879311070,m,1985,贵州,铜仁,41
3180099461,m,1981,广东,深圳,45
1404491953,m,1975,河南,洛阳,51
2550916015,f,1986,广东,广州,40
1165014781,m,1977,广东,广州,49
1402582212,f,1972,陕西,西安,54
1311184360,m,1985,河北,沧州,41
1270931135,m,1991,四川,成都,35
2836605502,m,1987,江苏,苏州,39
2609942141,f,1982,山东,青岛,44
2292393667,m,1975,北京,丰台区,51
2134299832,m,1990,江苏,南京,36
1862769472,m,1980,上海,徐汇区,46
1218975751,m,1985,上海,浦东新区,41
2830396012,f,1989,四川,成都,37
1655961891,f,1989,北京,朝阳区,37
1157354113,m,1980,山东,威海,46
2840918960,f,1987,吉林,长春,39
2834849790,f,1986,四川,成都,40
2344647267,m,1991,北京,昌平区,35
2805445372,f,1991,北京,朝阳区,35
2476347147,m,1990,辽宁,沈阳,36
2816329092,m,1992,上海,嘉定区,34
2588762234,m,1978,江西,上饶,48
1790707511,f,1988,广西,北海,38
1893113097,m,1990,甘肃,None,36
1147247983,m,1985,上海,青浦区,41
3051764363,m,1986,上海,嘉定区,40
1494905060,m,1977,江苏,扬州,49
1861507324,m,1988,江苏,南通,38
1717658307,m,1980,北京,东城区,46
2242986102,m,1965,四川,广元,61
2344703981,m,1985,天津,武清区,41
2312177825,m,1979,江苏,None,47
1798292331,m,1986,广东,韶关,40
2260963615,m,1991,北京,None,35
1461630702,m,1982,广东,None,44
1803997563,f,1988,北京,房山区,38
1030321917,f,1970,北京,海淀区,56
2639028162,m,1968,四川,成都,58
3006132797,f,1994,上海,奉贤区,32
1905011321,f,1989,云南,昆明,37
2701790480,m,1980,陕西,西安,46
1013292372,m,1982,天津,河北区,44
2451941670,f,1987,澳门,None,39
2328823765,m,1991,辽宁,抚顺,35
2252131825,m,1989,江苏,南京,37
2705210073,m,1987,北京,海淀区,39
2682514113,f,1980,江苏,南京,46
2137838585,m,1988,北京,海淀区,38
1640664957,m,1987,上海,松江区,39
1829927583,m,1984,重庆,沙坪坝区,42
2516432473,m,1980,北京,大兴区,46
1880391224,f,1989,上海,长宁区,37
1575276352,m,1986,辽宁,沈阳,40
2710910424,m,1986,重庆,渝北区,40
2309763591,f,1963,北京,西城区,63
1842215345,f,1994,安徽,合肥,32
3225358755,m,1986,重庆,巴南区,40
1874140805,m,1983,湖北,None,43
1213811627,f,1987,天津,河西区,39
1803423497,m,1987,江苏,无锡,39
1895102874,m,1983,上海,宝山区,43
1896105543,m,1988,安徽,None,38
3201252971,f,2012,广东,广州,14
1285851234,m,1986,None,None,40
1847220757,m,1987,北京,丰台区,39
1739956374,m,1989,北京,朝阳区,37
2837695044,m,1985,广东,深圳,41
2655618531,m,1991,重庆,沙坪坝区,35
3101525397,f,1987,上海,松江区,39
1103506511,f,1985,北京,东城区,41
2253357315,f,1990,吉林,长春,36
1150185635,m,1980,北京,朝阳区,46
1870248325,f,1988,上海,浦东新区,38
1689727741,f,1992,江苏,无锡,34
2733464892,f,1986,江苏,南通,40
3228686233,m,1994,天津,西青区,32
2796980495,m,1991,贵州,贵阳,35
2189890725,m,1967,None,None,59
2718404107,f,1995,江西,南昌,31
1948392391,m,1988,湖南,长沙,38
2606219154,f,1988,北京,海淀区,38
2832052261,m,1988,北京,大兴区,38
1873521952,m,1974,四川,成都,52
1962169277,m,1984,广东,潮州,42
2454707782,m,1959,浙江,宁波,67
2609783245,m,1983,广东,东莞,43
1988845941,m,1991,北京,海淀区,35
1707297961,m,1985,广东,广州,41
1550834640,f,1989,北京,丰台区,37
1762378023,f,1985,河北,保定,41
2284930644,m,1986,上海,普陀区,40
1652479222,m,1990,四川,成都,36
1655466665,m,1975,四川,德阳,51
2336026875,f,1989,天津,北辰区,37
2484983662,m,2006,重庆,渝中区,20
3212691121,m,1996,北京,海淀区,30
3244423064,m,1983,山东,济南,43
2689040573,m,1971,广西,梧州,55
1615711420,m,1987,北京,朝阳区,39
3213317681,f,1988,北京,海淀区,38
1811875704,m,1989,北京,海淀区,37
2030348441,m,1986,广东,广州,40
1772470220,m,1981,黑龙江,哈尔滨,45
1851212042,m,1986,江苏,宿迁,40
2119908042,m,1985,安徽,六安,41
2385818494,m,1989,广东,深圳,37
1529772362,m,1975,江苏,镇江,51
2421020145,f,1985,辽宁,沈阳,41
2392694764,m,1987,贵州,贵阳,39
2953123244,m,1992,北京,延庆县,34
2210610623,m,1973,天津,河西区,53
1747927790,m,1990,江苏,南京,36
1029687043,m,1987,贵州,毕节,39
1964088335,m,1981,北京,西城区,45
1263756304,m,2012,江苏,南京,14
1425992302,m,1981,北京,朝阳区,45
1401177414,m,1977,北京,西城区,49
2254815137,f,1989,北京,西城区,37
1315340731,m,1990,北京,昌平区,36
3044132375,m,1987,河南,焦作,39
1070607301,f,1986,浙江,温州,40
1200544431,f,1977,上海,松江区,49
2704944627,m,1995,广东,梅州,31
1643145223,m,2012,广东,广州,14
1261766855,f,1990,安徽,铜陵,36
1040511182,m,1988,广东,广州,38
2906683651,m,2014,天津,河东区,12
2462431961,f,1989,北京,海淀区,37
1240191113,f,1985,北京,朝阳区,41
1321664781,m,1984,江苏,苏州,42
1894086684,m,1986,江苏,徐州,40
2656353923,m,1992,湖北,武汉,34
2290821682,f,1990,浙江,温州,36
2445104383,m,1982,江西,吉安,44
3244133220,m,1994,北京,朝阳区,32
1677394355,m,1984,上海,闵行区,42
1966226895,m,1991,陕西,西安,35
2827053720,m,1986,安徽,阜阳,40
2945672513,f,2012,湖北,武汉,14
1425937794,m,1985,浙江,金华,41
2639300347,m,1991,湖北,武汉,35
1675076154,m,1990,四川,成都,36
2433044692,m,1988,河南,洛阳,38
1114482851,m,1980,上海,杨浦区,46
1807817305,m,1991,北京,通州区,35
2801545265,f,1990,湖北,黄冈,36
1413357560,m,1982,重庆,None,44
1660452961,m,1987,河南,郑州,39
2961528095,f,1988,河北,邢台,38
1952697465,m,1990,陕西,西安,36
1583767103,m,1989,四川,成都,37
2363933217,m,1984,辽宁,鞍山,42
2010641407,m,1988,河南,None,38
2351464525,m,1992,福建,泉州,34
2807271191,m,1985,北京,大兴区,41
1973430807,m,1987,广东,广州,39
1798771583,m,1986,北京,朝阳区,40
2420681195,f,1975,广西,桂林,51
2440313562,m,1991,湖北,武汉,35
2781151991,m,1972,江苏,苏州,54
1043388703,f,1980,广东,佛山,46
1750163725,m,1994,广东,汕头,32
2284504862,m,1990,广东,广州,36
2354695754,f,1981,江苏,南京,45
2113640394,m,1988,上海,浦东新区,38
2895941381,m,1988,福建,龙岩,38
2495867890,m,1990,天津,None,36
1304908701,m,1990,上海,松江区,36
1836336622,f,1989,云南,None,37
2826697514,m,1981,北京,朝阳区,45
1430968290,f,1982,上海,长宁区,44
1735569771,f,1998,海外,澳大利亚,28
1044886880,m,1987,北京,朝阳区,39
2846535447,f,2006,天津,宝坻区,20
2077776372,f,1990,黑龙江,哈尔滨,36
2883293660,m,1988,北京,海淀区,38
2410860147,m,1984,辽宁,沈阳,42
1856236010,m,1987,广东,珠海,39
3119872375,m,1992,广东,深圳,34
1808463904,m,1968,广东,广州,58
2663549510,m,1976,上海,松江区,50
2232026615,m,1990,安徽,合肥,36
2812959462,m,1983,江苏,宿迁,43
1794614673,m,1986,山东,烟台,40
2909393013,m,1995,黑龙江,齐齐哈尔,31
3252773710,m,1994,甘肃,白银,32
1821849691,m,1985,北京,朝阳区,41
2567922314,f,1989,江西,九江,37
2278584244,m,1980,上海,浦东新区,46
1616602891,m,1989,河北,唐山,37
1874763843,m,1991,广东,广州,35
2187842181,m,1989,江苏,南京,37
1159240995,m,1985,辽宁,沈阳,41
2156364563,f,1991,山东,东营,35
1070183742,f,1990,天津,和平区,36
2463885644,m,1973,江苏,镇江,53
2717916227,m,1989,广东,广州,37
1111771603,m,1978,北京,崇文区,48
1674826000,m,1979,吉林,吉林,47
2191357940,f,1974,北京,石景山区,52
2281683307,f,1995,广东,佛山,31
1784909734,m,1978,江苏,南京,48
1912651193,m,1983,广东,深圳,43
1621663523,m,1978,北京,海淀区,48
2402995275,m,1990,上海,宝山区,36
1805325893,m,1968,西藏,林芝,58
1688630180,m,1984,江苏,常州,42
3149925350,m,1989,上海,普陀区,37
3089426735,f,1988,吉林,长春,38
1400085407,m,1977,北京,昌平区,49
2523582842,m,1992,四川,成都,34
2134714021,m,1991,广东,深圳,35
2419431325,m,1992,山东,青岛,34
1742309464,f,1992,湖南,长沙,34
3221791842,m,1988,四川,成都,38
2352876800,m,1987,广东,广州,39
1044654392,m,1974,山东,莱芜,52
1772774070,m,1989,江苏,连云港,37
1270624511,m,1988,山东,烟台,38
2623510803,m,1965,辽宁,铁岭,61
2498902495,f,1980,重庆,九龙坡区,46
1405012992,m,1978,江苏,苏州,48
1046716425,m,1983,上海,青浦区,43
2959421917,f,1993,福建,福州,33
1826759620,f,1989,江苏,盐城,37
1216209370,m,1985,湖北,宜昌,41
2684460443,m,1988,云南,昆明,38
1913459483,m,1962,北京,大兴区,64
1849330417,f,1986,广东,佛山,40
1761909147,m,1977,湖北,武汉,49
1367567787,m,1989,河北,唐山,37
1223676881,f,1989,河北,保定,37
1652055434,m,1988,江苏,无锡,38
2654185385,f,1993,山西,长治,33
2028309263,f,1990,河北,邢台,36
2287514732,m,1987,广东,广州,39
3227235577,m,1984,江苏,南京,42
1852012873,m,1986,北京,海淀区,40
2928173551,f,1990,北京,朝阳区,36
2703368503,m,1985,广东,深圳,41
1841624154,m,1985,云南,昆明,41
2343628982,m,1987,浙江,嘉兴,39
1885986337,m,1984,广东,广州,42
1650443201,m,1984,四川,成都,42
1433817135,m,1981,辽宁,沈阳,45
3185784201,f,1993,江苏,宿迁,33
2200602063,f,1988,海外,印度,38
2876407632,m,1991,江苏,无锡,35
1801631844,f,1994,江苏,扬州,32
3048823891,m,1987,广东,广州,39
2412600402,m,1992,广东,珠海,34
1420382884,m,1978,None,None,48
2575992962,m,1982,广东,汕尾,44
2654614871,m,1982,广东,韶关,44
2456118544,m,1979,北京,海淀区,47
1914970460,m,1982,江苏,南京,44
1763002892,f,2012,上海,宝山区,14
1393149022,f,1989,广东,江门,37
2375680881,m,1985,天津,蓟县,41
3211574340,f,1968,吉林,吉林,58
1870135012,m,1987,江苏,苏州,39
1874558553,f,1983,广东,深圳,43
1236152791,m,1971,陕西,咸阳,55
1354517115,m,1987,广东,东莞,39
2785175924,m,1989,四川,南充,37
2418357490,m,1998,广东,佛山,28
1796758890,m,1997,云南,昆明,29
1790637645,m,1994,四川,成都,32
2628562887,m,1993,广东,东莞,33
2136002853,m,1991,四川,成都,35
2149961441,m,1994,香港,None,32
2196021221,m,1982,北京,东城区,44
1656358131,m,1963,湖南,张家界,63
2563545592,m,1991,四川,成都,35
1775579407,m,1984,北京,西城区,42
2318406042,f,1969,云南,昆明,57
2939471723,m,1992,河南,郑州,34
2257256670,f,1992,香港,油尖旺区,34
1359151724,m,1982,浙江,宁波,44
1044089517,m,1943,福建,福州,83
1017309484,m,1950,北京,东城区,76
1907557485,m,1988,广东,广州,38
2730756057,m,1991,上海,黄浦区,35
2097615202,m,1989,贵州,遵义,37
1849106510,m,1977,上海,None,49
1407338157,m,1968,北京,东城区,58
1147473367,m,1980,福建,福州,46
2874277990,m,1991,北京,海淀区,35
2402979314,m,1980,上海,虹口区,46
1732410994,m,1970,四川,成都,56
1411665405,m,1985,四川,成都,41
2310604024,m,1987,湖北,武汉,39
1900465657,m,2012,海外,None,14
1787452283,f,2013,山东,青岛,13
1704875722,f,1968,陕西,西安,58
1410229377,m,1977,天津,河北区,49
2534601372,m,1992,广东,佛山,34
1838191581,m,1987,北京,海淀区,39
2292395352,f,1977,江苏,徐州,49
2675453807,m,1991,广东,深圳,35
1642774681,f,1989,陕西,咸阳,37
2796278651,m,1988,四川,成都,38
2802771981,m,1988,山西,大同,38
2931533457,m,1980,广东,广州,46
1842347721,f,1990,天津,河西区,36
1753008650,f,1992,山东,青岛,34
3170471185,m,1989,黑龙江,哈尔滨,37
2197948165,f,1993,上海,浦东新区,33
2683272127,m,1979,上海,虹口区,47
1532420130,m,1991,江苏,苏州,35
1481243185,m,2013,江苏,南京,13
3217065991,f,1990,山东,烟台,36
2009601205,m,1992,广西,钦州,34
1266695855,f,1990,天津,东丽区,36
2687964033,m,1985,重庆,黔江区,41
1686551030,m,1988,上海,杨浦区,38
1562272067,m,1980,上海,宝山区,46
3226314740,f,1982,浙江,杭州,44
1679161161,m,1988,四川,成都,38
1620238805,m,1990,江苏,常州,36
1409078863,m,1959,北京,朝阳区,67
2261362107,m,1988,北京,None,38
1862078277,m,1987,上海,黄浦区,39
1733791057,m,1989,河南,郑州,37
2113694321,f,1983,广东,东莞,43
1901157927,m,1981,辽宁,沈阳,45
1708921472,f,1984,陕西,西安,42
1002616690,m,1982,四川,成都,44
1566687573,m,1982,上海,浦东新区,44
1719727661,m,1987,四川,成都,39
1910929963,m,1986,江苏,苏州,40
1955351012,m,1989,四川,成都,37
1638988224,m,1985,浙江,台州,41
3044659155,m,1982,广东,佛山,44
1256391067,m,2014,上海,松江区,12
1589216564,m,1984,贵州,贵阳,42
1057149887,m,1981,广东,中山,45
1785712002,f,1990,四川,成都,36
1692232652,m,1983,河南,鹤壁,43
2156279047,f,1987,北京,大兴区,39
1651045595,m,1986,上海,松江区,40
1194919880,m,1986,甘肃,兰州,40
2533022300,m,1987,安徽,芜湖,39
1443800650,f,1965,北京,朝阳区,61
1374607514,m,1975,四川,None,51
1928467830,f,1984,陕西,渭南,42
2642486427,m,1973,北京,海淀区,53
1979059980,m,1988,广东,深圳,38
2769024165,m,1985,北京,东城区,41
1787546407,m,1986,江苏,淮安,40
2862971980,m,1993,江苏,宿迁,33
1891415512,f,1988,广东,深圳,38
2784886572,f,1991,河北,秦皇岛,35
1188077181,m,1982,四川,成都,44
2414354311,f,1992,四川,成都,34
1706342874,m,1994,北京,大兴区,32
1836785725,m,1991,海外,美国,35
3097848931,m,1989,广东,广州,37
1409569600,m,2008,海外,None,18
2986948263,m,1994,河北,邯郸,32
2784827547,m,1980,北京,西城区,46
2516970123,m,1983,广东,江门,43
1487200655,m,1979,江苏,南京,47
3155385485,m,1991,河南,开封,35
2494766905,m,1991,广东,广州,35
1057040427,m,1988,山东,枣庄,38
1260304113,m,1986,江苏,南京,40
2850801007,m,1988,北京,东城区,38
2539269395,f,1985,上海,闵行区,41
3123012695,m,1994,广东,河源,32
1634954831,f,1989,北京,海淀区,37
2398543813,m,1987,北京,朝阳区,39
1145694502,m,1980,江苏,淮安,46
1935383602,m,1981,四川,绵阳,45
1691955664,f,1984,福建,厦门,42
2549575680,m,1986,北京,None,40
1629931495,m,1990,湖北,武汉,36
2248004045,m,1981,北京,丰台区,45
2386242867,m,1981,河北,张家口,45
1772338297,m,1984,上海,普陀区,42
1598389457,f,1985,北京,大兴区,41
2269941137,m,1967,山东,泰安,59
2190996614,m,1985,广东,深圳,41
1884905017,m,1980,广东,广州,46
2482302907,m,1970,吉林,长春,56
3299938607,f,1989,None,None,37
2848052465,m,1992,河南,郑州,34
1729775700,m,1988,黑龙江,哈尔滨,38
2810914035,m,1982,广东,广州,44
1832324685,f,1988,北京,朝阳区,38
2233556250,m,1971,上海,浦东新区,55
3083351791,m,2012,北京,朝阳区,14
2612608321,m,1990,北京,昌平区,36
2670573472,m,1993,广东,湛江,33
2340326024,m,1988,贵州,贵阳,38
1890192731,m,1985,浙江,温州,41
2838948671,m,1982,北京,海淀区,44
2190571463,m,1984,河北,邢台,42
2307650634,m,1981,广东,云浮,45
1001434124,m,1983,北京,None,43
1828219513,m,1983,北京,石景山区,43
1880345114,f,1978,北京,None,48
1821911197,m,1983,上海,杨浦区,43
2338937562,m,1989,湖北,宜昌,37
1729335345,m,1983,广东,广州,43
2854115594,m,1994,湖北,武汉,32
1210780741,m,1990,广东,阳江,36
1522810363,m,1990,北京,丰台区,36
2766756205,m,1986,江苏,南通,40
2804982641,f,1990,北京,海淀区,36
1775763993,m,1989,河北,唐山,37
1530245941,f,1988,上海,闵行区,38
1808735032,m,1981,广东,佛山,45
2359797372,m,1989,广东,深圳,37
2818655491,m,1991,广东,深圳,35
1212892431,m,1968,陕西,渭南,58
2713295845,m,1992,山东,济南,34
1110941561,m,1978,上海,杨浦区,48
1171681345,m,1989,浙江,杭州,37
2824634882,f,1982,福建,南平,44
1657964272,f,1978,北京,朝阳区,48
1855775494,m,1985,山西,太原,41
2217842072,m,1977,上海,卢湾区,49
1867717233,f,1989,重庆,None,37
41547091,m,1988,云南,昆明,38
2756952197,f,1989,河北,邢台,37
1409256165,f,1980,北京,朝阳区,46
1890297767,m,1979,北京,昌平区,47
1761129715,f,1996,北京,密云县,30
1419026010,m,1987,河北,廊坊,39
1272899511,m,1986,福建,厦门,40
3182336303,m,2012,北京,东城区,14
3152868790,f,1987,广东,深圳,39
2424463703,m,1989,北京,朝阳区,37
1837040485,m,1983,广东,珠海,43
1736631922,m,1993,广东,汕头,33
1627895157,m,1981,广东,广州,45
2264685417,m,1982,北京,朝阳区,44
1737262944,m,1989,北京,顺义区,37
2354287157,m,1987,山西,长治,39
2250031955,f,1991,北京,朝阳区,35
2420135373,m,1988,江西,南昌,38
1227170677,m,1990,天津,红桥区,36
1792279881,m,1988,四川,成都,38
1773247467,f,2013,山东,青岛,13
2249239550,f,1990,浙江,杭州,36
3380968942,m,1979,江苏,南通,47
1845588723,m,1981,天津,河西区,45
2513990711,m,1992,广东,广州,34
1452768237,m,1987,四川,成都,39
2370956103,m,1997,天津,河西区,29
2268914373,m,1990,北京,昌平区,36
1646413202,m,1983,湖北,武汉,43
1669620075,m,1981,河北,廊坊,45
2016807262,m,1986,山东,临沂,40
1411311871,m,1980,四川,成都,46
1772177302,m,1988,广西,南宁,38
1073876961,m,1964,广东,佛山,62
2341577063,m,1984,河南,洛阳,42
1413234985,m,1982,辽宁,大连,44
1852413253,f,1988,河北,石家庄,38
3272019993,m,1987,北京,丰台区,39
2646464771,m,2012,广东,广州,14
2851755245,m,1983,江西,上饶,43
1051816737,m,1983,湖南,益阳,43
1195308250,m,1980,四川,德阳,46
1917847105,f,1986,广东,广州,40
1910182142,f,1989,四川,成都,37
1948118487,m,1981,北京,崇文区,45
2255282540,m,1988,天津,东丽区,38
2158509031,m,2012,浙江,None,14
1092622642,m,1990,山东,青岛,36
2046634777,m,1990,重庆,垫江县,36
1829599193,m,1982,北京,崇文区,44
2230524360,m,1987,上海,浦东新区,39
2813246091,m,1988,重庆,万州区,38
2276839221,m,1982,广东,广州,44
2506149235,f,1995,江西,宜春,31
2232606215,m,1983,广东,广州,43
2695578454,f,2001,广东,东莞,25
2171512495,f,1991,江苏,扬州,35
2244899117,m,1991,河北,石家庄,35
2566269492,m,1990,广东,珠海,36
1906845451,m,1991,北京,海淀区,35
1686735037,m,1984,广东,广州,42
2818051172,f,1986,北京,朝阳区,40
2107559615,f,1993,河南,郑州,33
1684257335,m,1991,河南,漯河,35
1774122834,m,1991,广东,广州,35
2457727315,m,1990,江苏,淮安,36
2668520945,m,1989,黑龙江,黑河,37
2752258253,m,1982,河北,石家庄,44
1400648582,m,1965,上海,徐汇区,61
1430970507,m,1979,江苏,苏州,47
1914105795,m,1984,山东,临沂,42
1253221694,m,1973,安徽,安庆,53
1856691287,m,1979,北京,None,47
2264065494,m,1927,上海,静安区,99
1923069097,f,1991,湖南,株洲,35
2737940445,f,1993,北京,海淀区,33
2397602747,m,1983,山东,泰安,43
1318855392,m,1988,广东,广州,38
2949270545,m,1996,四川,成都,30
1037363394,m,1978,北京,朝阳区,48
2889048570,m,1988,北京,丰台区,38
1380102411,m,1987,甘肃,甘南,39
2325202914,m,1975,广东,东莞,51
1770019372,f,1995,四川,南充,31
1761236561,m,1989,北京,东城区,37
2254950172,m,1989,浙江,湖州,37
1497877627,f,1978,天津,None,48
1888636817,m,1985,河南,许昌,41
1902235902,m,1989,江苏,苏州,37
2621838997,m,1990,辽宁,沈阳,36
1802146467,m,1989,浙江,杭州,37
2332597000,f,2000,天津,河西区,26
2550854181,m,1998,陕西,汉中,28
1437492923,m,1984,湖北,襄阳,42
1804338310,f,1988,广东,中山,38
1489740861,m,1987,四川,成都,39
2255754161,f,1988,北京,通州区,38
1869874111,m,1980,云南,昆明,46
3147139811,m,1992,山东,None,34
1653640431,m,1982,广东,深圳,44
1077381803,m,1987,天津,和平区,39
1904760460,m,1983,广东,深圳,43
1645763847,m,1988,河北,保定,38
1682622317,m,1983,辽宁,沈阳,43
2242916821,f,1987,江苏,南京,39
1822601775,m,1990,北京,海淀区,36
1840088561,m,1990,上海,杨浦区,36
1063196274,f,1985,天津,None,41
2833196362,m,1990,广东,广州,36
1769512242,f,1987,湖北,武汉,39
1832051482,m,1980,北京,大兴区,46
1840053540,m,1987,陕西,西安,39
2460587713,m,1979,内蒙古,赤峰,47
2052777477,m,1986,湖北,荆门,40
3142751522,m,1976,陕西,西安,50
2629334293,m,1990,广东,东莞,36
1066534667,m,1962,北京,朝阳区,64
1093257587,m,1981,浙江,宁波,45
2383538307,m,1990,广东,茂名,36
1154605101,m,1983,青海,西宁,43
1940505223,m,1989,四川,成都,37
2238151545,m,1989,江苏,苏州,37
1348770327,m,1989,江苏,苏州,37
2683421063,f,1983,北京,大兴区,43
1847527081,m,1994,山东,青岛,32
1087400624,m,1987,江苏,苏州,39
2169156637,m,1994,云南,楚雄,32
1994445911,m,1984,天津,宝坻区,42
2315589881,f,1992,河北,唐山,34
2994796494,m,1982,浙江,杭州,44
2268410480,m,1987,北京,海淀区,39
1786637925,m,1989,广东,深圳,37
3172321911,m,1992,河南,郑州,34
1830525284,m,1988,广东,揭阳,38
2187827431,f,1989,北京,海淀区,37
1742865961,m,1985,上海,徐汇区,41
1840033443,m,1933,天津,武清区,93
2803621721,m,1991,浙江,丽水,35
2117193783,m,1985,北京,None,41
1075102111,m,1985,北京,平谷区,41
1819439037,m,1988,北京,大兴区,38
3191503640,m,1992,山东,烟台,34
2686380815,f,1987,上海,徐汇区,39
2213034992,f,1988,北京,东城区,38
2805131743,m,1979,北京,海淀区,47
2830410551,m,1989,北京,朝阳区,37
1991652250,m,1985,广东,广州,41
1959367685,m,1988,湖南,常德,38
1461225360,m,1983,广东,广州,43
2346956917,m,1988,北京,海淀区,38
1240161947,m,1986,江苏,南京,40
2437112734,f,1993,湖南,长沙,33
1568910263,m,1986,贵州,贵阳,40
1496882083,m,1982,上海,徐汇区,44
2704317021,m,1992,河北,唐山,34
1779594455,f,1989,江苏,苏州,37
1400384474,m,1972,北京,朝阳区,54
1802212913,f,1992,天津,河北区,34
1715319082,m,1992,山西,大同,34
2673500603,f,1988,北京,丰台区,38
2378014873,m,1992,河南,郑州,34
2203475817,m,1972,河北,张家口,54
1251697432,f,1990,北京,东城区,36
2671457627,m,1981,广东,广州,45
2193713861,m,1992,山西,吕梁,34
2095096485,m,1989,江苏,南京,37
1424518790,m,1983,四川,成都,43
1215877570,m,1986,北京,丰台区,40
2749263423,m,1982,河北,张家口,44
2612315851,m,1989,山西,大同,37
2809865083,m,1988,山东,济宁,38
1342849391,f,1985,浙江,宁波,41
2685672293,m,1990,重庆,沙坪坝区,36
2156411003,m,1989,黑龙江,哈尔滨,37
1785207243,m,1984,上海,闵行区,42
2674436061,m,1988,上海,宝山区,38
2294285180,m,1993,安徽,池州,33
3228732143,f,1984,湖南,益阳,42
2418811797,m,1990,广东,深圳,36
1593106630,m,1980,江苏,南京,46
2163571254,m,1976,宁夏,银川,50
1249653251,f,1985,江苏,无锡,41
2483983790,m,1988,北京,昌平区,38
2400965571,f,1989,北京,None,37
3105672711,m,1992,陕西,西安,34
2243776923,m,1978,上海,松江区,48
1154380511,m,1983,北京,石景山区,43
2803960752,m,1992,湖南,株洲,34
2275811254,m,1980,北京,东城区,46
1309583712,m,1981,山东,济南,45
1223837662,m,1964,黑龙江,哈尔滨,62
2638304883,m,1989,河北,保定,37
2112589084,m,1990,北京,海淀区,36
1737615320,m,1984,河北,秦皇岛,42
3121248073,f,1993,江苏,南京,33
1721396001,f,1987,上海,闵行区,39
2817352067,m,1980,重庆,沙坪坝区,46
3190806254,m,1976,湖南,衡阳,50
1776838945,f,1982,湖北,武汉,44
2607259671,f,1990,辽宁,沈阳,36
2730356207,f,1990,辽宁,大连,36
1826864751,m,1984,江苏,南京,42
1198280133,f,1984,北京,通州区,42
2703621735,m,1975,重庆,渝中区,51
1613379351,m,1990,云南,保山,36
2632054873,f,1998,北京,丰台区,28
1337268337,f,1987,黑龙江,None,39
2332904327,m,1991,辽宁,沈阳,35
2197881945,m,1992,河南,郑州,34
2364357215,m,1986,天津,河西区,40
3183770867,f,1985,江苏,宿迁,41
1401802677,m,1978,浙江,金华,48
2083952815,f,1985,江苏,南京,41
2825274363,m,1984,北京,大兴区,42
1701227971,m,1992,四川,凉山,34
1105698790,m,1972,上海,闵行区,54
1717032972,m,1974,山东,济南,52
2201425205,m,1991,广东,肇庆,35
2446938495,f,1967,天津,和平区,59
1756779053,m,1990,广东,广州,36
1548057863,f,1983,山东,枣庄,43
1849887552,m,1985,北京,None,41
2254624052,m,1990,海南,海口,36
1724632547,m,1990,湖北,孝感,36
1943686705,m,1990,广东,揭阳,36
3193359010,f,1982,广东,广州,44
2648569662,f,1994,江苏,南京,32
2403365687,m,1992,天津,南开区,34
1756964155,m,1986,天津,南开区,40
1897060254,m,1991,上海,闵行区,35
1845373475,m,1989,安徽,合肥,37
2889248490,f,1987,浙江,嘉兴,39
1854954357,m,1990,湖南,长沙,36
1849278037,m,1988,北京,朝阳区,38
2133302303,m,2012,广东,肇庆,14
1916855475,f,1990,天津,河北区,36
1417726300,m,1985,北京,海淀区,41
1799833401,m,1991,四川,成都,35
1057046847,m,1984,上海,浦东新区,42
1750313925,f,1983,北京,None,43
2336681445,f,1994,海外,新加坡,32
2219577353,f,1989,海外,None,37
1291193363,m,1985,河北,邯郸,41
1462320547,m,1972,None,None,54
2262765353,f,1991,贵州,贵阳,35
1740129667,f,1986,上海,宝山区,40
1773563311,f,1982,上海,浦东新区,44
3445996272,f,1956,北京,海淀区,70
2454135502,m,1987,江苏,苏州,39
1938854461,m,1989,广西,南宁,37
1338305984,m,1988,广东,深圳,38
1911772221,f,1998,海外,None,28
1816677041,f,1990,浙江,温州,36
2099095104,f,1987,四川,成都,39
1880867950,m,1981,北京,海淀区,45
2393125622,m,1990,北京,海淀区,36
1661152154,m,1985,湖北,襄阳,41
3023054054,f,2012,辽宁,丹东,14
2153250635,m,1988,四川,成都,38
2709910057,m,1988,四川,成都,38
1797659535,f,1979,河南,None,47
2415079413,m,1990,北京,崇文区,36
1834293922,m,1975,广东,广州,51
1856633212,m,1989,宁夏,银川,37
1661571101,f,1986,湖北,武汉,40
1686251573,m,1987,None,None,39
2535161083,m,1964,上海,虹口区,62
2873662241,m,1987,北京,海淀区,39
1638392287,m,1987,上海,闸北区,39
2090081782,m,1991,河南,郑州,35
2631904363,m,1983,广东,深圳,43
1812437321,m,1984,辽宁,沈阳,42
2540494190,m,1986,内蒙古,呼和浩特,40
2650847391,m,1991,重庆,渝北区,35
2095472994,m,1988,江苏,南京,38
1416725321,m,1975,北京,大兴区,51
2667367825,m,1988,湖南,常德,38
2652330067,f,1990,天津,北辰区,36
2722729647,m,1987,广东,珠海,39
1879832091,m,1985,海南,海口,41
2692200923,m,1983,河北,石家庄,43
2486969947,m,1991,黑龙江,齐齐哈尔,35
2328615675,m,1992,北京,朝阳区,34
2704863633,m,1991,广东,深圳,35
1735933240,m,1978,上海,青浦区,48
2163032273,m,1984,上海,闵行区,42
1657741735,m,1991,河北,承德,35
2704345563,f,1983,广东,广州,43
1752817217,m,1989,广东,清远,37
2268514112,f,1992,广东,深圳,34
2294295963,m,1994,江苏,宿迁,32
1774814945,m,1987,北京,大兴区,39
2248244333,m,1981,北京,None,45
1862844481,m,1983,河北,廊坊,43
1131103307,f,1976,新疆,乌鲁木齐,50
1429847584,f,1971,黑龙江,齐齐哈尔,55
2793786832,m,1975,广东,广州,51
2783929753,m,1986,广东,广州,40
3083403257,m,1992,北京,海淀区,34
2269717175,m,1988,重庆,大足县,38
1720647354,f,1981,福建,福州,45
1421130295,m,1976,江苏,无锡,50
2911321951,m,2009,广东,广州,17
1475519420,m,1984,贵州,贵阳,42
1881182537,m,1985,四川,成都,41
1709560977,m,1993,四川,南充,33
3166213713,m,1979,河南,洛阳,47
2195349860,f,1990,江苏,南通,36
1711793060,m,1988,河南,郑州,38
1145982830,f,1974,北京,宣武区,52
2640028315,m,1992,四川,南充,34
2170204221,m,1987,北京,海淀区,39
1775474787,m,1979,广东,佛山,47
2397324295,m,1990,河北,廊坊,36
1862186693,m,1991,浙江,宁波,35
1461349012,m,1982,山东,济宁,44
1101412162,m,1977,河南,周口,49
1803972294,m,1986,广东,广州,40
1779675535,f,1980,上海,黄浦区,46
1946946275,m,1988,陕西,西安,38
2684457967,m,1988,广东,广州,38
1562880105,m,1983,北京,None,43
3019343753,m,1992,北京,西城区,34
2941447991,f,1992,河北,保定,34
2001017573,m,1975,天津,河东区,51
2315425421,m,1990,山东,青岛,36
2247690983,f,1990,江苏,淮安,36
2371201624,f,1989,北京,朝阳区,37
1404665592,m,1979,海南,海口,47
1265054220,m,1990,陕西,西安,36
1684447120,f,1985,北京,朝阳区,41
1245255221,m,1985,海外,None,41
2288518661,f,1984,福建,厦门,42
1004042417,m,1979,江苏,None,47
1316955102,m,1988,广东,广州,38
1560931890,m,2013,北京,朝阳区,13
1891666617,m,1991,吉林,长春,35
3005906315,f,1993,陕西,西安,33
2747203085,f,1988,北京,大兴区,38
1783442701,f,1987,北京,海淀区,39
2247099565,f,2009,北京,房山区,17
2530830362,m,1991,福建,厦门,35
1169528614,m,1980,天津,None,46
1864681883,f,1985,上海,浦东新区,41
2858662770,m,1982,湖北,武汉,44
1906456633,m,1983,河北,石家庄,43
2390426501,m,1988,黑龙江,哈尔滨,38
1064586090,m,1978,北京,朝阳区,48
3193590133,m,1968,重庆,南岸区,58
2426478122,m,1983,上海,杨浦区,43
2481552541,m,1990,河南,许昌,36
1404389157,m,1977,江苏,南京,49
61419384,f,1971,北京,朝阳区,55
1600688514,m,1991,广东,广州,35
2200657991,m,1991,广东,深圳,35
1910920345,m,1974,北京,大兴区,52
1907990037,m,1991,None,None,35
1775469380,m,1990,安徽,淮北,36
1474159222,m,1982,四川,成都,44
1233655885,f,1983,北京,None,43
1886234587,m,1987,广东,广州,39
1784024262,m,1990,广东,肇庆,36
2330751414,f,2012,广东,广州,14
2714610377,m,1987,北京,朝阳区,39
2403204624,f,1987,四川,成都,39
1890300142,m,1982,湖北,武汉,44
2778832333,m,1986,None,None,40
3032757067,m,1985,山西,大同,41
1632610993,m,1988,湖北,武汉,38
1741432494,f,1982,四川,成都,44
1180384173,m,1970,陕西,西安,56
2811834994,f,1990,广东,深圳,36
1831307007,m,1990,None,None,36
1909371004,m,1989,上海,杨浦区,37
1670638295,m,1982,上海,宝山区,44
1966152853,m,1992,四川,成都,34
1341648782,m,1984,四川,宜宾,42
2842237093,f,1987,广东,深圳,39
2930787127,f,2012,广东,广州,14
2251656881,f,1980,四川,成都,46
1763034294,m,1981,广东,广州,45
1309105290,m,1992,江苏,常州,34
2214493540,f,1984,黑龙江,绥化,42
2507823884,m,1988,广东,深圳,38
2663023893,m,1976,北京,海淀区,50
2605291343,m,1956,河北,张家口,70
2416707495,m,1989,河南,None,37
1770117103,m,1986,天津,南开区,40
1914312213,m,1985,北京,西城区,41
2676914791,m,1987,吉林,延边朝鲜族自治州,39
1914902714,m,1990,吉林,长春,36
2384475620,f,2012,None,None,14
2344522542,f,1994,None,None,32
2582077925,m,1977,河北,保定,49
2381148163,m,1993,北京,朝阳区,33
2300487717,m,1988,广东,广州,38
2014222763,m,1985,四川,绵阳,41
1747279604,m,1988,广东,茂名,38
2024949277,m,1982,湖北,荆州,44
1582222364,m,1988,山东,东营,38
2373790130,m,1989,湖北,襄阳,37
1285967604,f,1991,广东,深圳,35
2836470677,m,1978,上海,崇明县,48
2419443753,m,1990,河南,郑州,36
1730954927,m,1988,上海,松江区,38
1729670521,m,1991,湖南,湘潭,35
2672023391,m,1991,湖北,武汉,35
2495095643,f,1990,北京,朝阳区,36
2590918291,m,1980,北京,朝阳区,46
1900763911,f,1989,北京,西城区,37
1227958333,m,1987,江苏,苏州,39
1429269551,m,1982,None,None,44
2269563394,m,1993,福建,泉州,33
1881633503,m,1984,上海,闵行区,42
2011399574,m,1982,北京,朝阳区,44
2909469372,f,1994,湖北,武汉,32
3104725153,m,1992,北京,海淀区,34
2282276533,m,1990,黑龙江,哈尔滨,36
1858813513,m,1979,上海,浦东新区,47
1435985274,m,1985,福建,福州,41
1145037840,m,1989,上海,None,37
3114038903,f,1987,湖北,武汉,39
1794623180,f,1989,浙江,杭州,37
1165735600,m,1983,福建,厦门,43
1244980882,m,1984,天津,河西区,42
2254813715,m,1982,北京,朝阳区,44
2132997614,m,1978,四川,南充,48
2528740890,m,1990,北京,朝阳区,36
1784212921,m,1987,广东,江门,39
1940915915,f,1992,陕西,西安,34
1458660330,m,1985,北京,东城区,41
1061956322,m,1969,江苏,镇江,57
1961603981,m,1992,江苏,镇江,34
2900245273,m,1984,辽宁,沈阳,42
1304506960,m,1981,江苏,无锡,45
1072842355,m,1985,天津,南开区,41
1714808103,m,1984,北京,海淀区,42
2445640355,m,1962,吉林,长春,64
1620448707,m,1988,重庆,巴南区,38
1134420583,m,1981,北京,None,45
1411578590,m,1980,北京,东城区,46
1849815257,f,1989,北京,丰台区,37
1605218824,f,1987,江苏,镇江,39
1256492164,m,1985,浙江,宁波,41
2927863045,m,1988,浙江,杭州,38
2677228531,m,1980,江苏,苏州,46
3186879431,f,1986,陕西,西安,40
2075602513,m,1991,上海,浦东新区,35
2101706071,m,1989,北京,昌平区,37
2418801393,f,1992,湖北,孝感,34
1894107084,m,1990,天津,河东区,36
1195148163,f,1985,陕西,西安,41
2810273755,f,1989,北京,石景山区,37
2545662632,m,1993,江苏,南京,33
2240841385,m,1994,广东,深圳,32
1740059180,m,1972,上海,闵行区,54
1627615681,m,1986,北京,朝阳区,40
1874611232,m,2012,北京,昌平区,14
1783330212,m,1990,河南,郑州,36
1937849174,m,1983,北京,昌平区,43
1221109967,f,1985,北京,海淀区,41
1880584402,f,1986,四川,成都,40
1571866361,m,1986,辽宁,鞍山,40
2549893813,m,1991,北京,朝阳区,35
1242205021,m,1984,上海,闸北区,42
2267172873,m,1986,辽宁,沈阳,40
1848866332,m,1982,浙江,杭州,44
2395277917,m,1996,山东,枣庄,30
1801959695,f,1994,安徽,马鞍山,32
1818980983,m,1982,辽宁,抚顺,44
1789937153,m,1990,上海,闵行区,36
3146167051,m,1994,江苏,扬州,32
1007649733,m,1973,北京,东城区,53
1826068847,f,1987,河北,沧州,39
1854930407,m,1990,北京,西城区,36
1133559503,m,1984,上海,浦东新区,42
1704955042,m,1989,天津,武清区,37
1782703575,f,1991,江苏,南京,35
1014914767,m,1990,海外,None,36
2547102751,m,1988,北京,海淀区,38
2639248967,f,1979,北京,丰台区,47
2158478831,m,1989,浙江,杭州,37
3174736761,f,1989,福建,厦门,37
1801726037,m,1989,四川,成都,37
2788573140,f,1996,湖南,长沙,30
1930143327,m,1988,四川,成都,38
2508359465,m,1994,湖北,孝感,32
1832197404,f,1989,四川,遂宁,37
2926372673,m,1988,广东,深圳,38
1950756734,m,1988,北京,朝阳区,38
2340500794,m,1977,浙江,绍兴,49
2519521773,m,1986,广东,广州,40
1852627287,f,1979,四川,成都,47
1987086317,m,1988,北京,None,38
1923990705,m,1992,广东,江门,34
1913187687,f,1991,天津,和平区,35
1276701437,m,1991,辽宁,丹东,35
1795530127,f,1988,黑龙江,哈尔滨,38
1870797833,m,1989,辽宁,铁岭,37
2679414115,m,1988,江苏,宿迁,38
2181750765,m,1986,None,None,40
3018486795,m,1987,北京,朝阳区,39
1153547867,f,1986,北京,朝阳区,40
1802932347,m,1994,浙江,杭州,32
1262131614,m,1987,福建,厦门,39
3130901931,f,1986,上海,闸北区,40
2429258291,m,1986,北京,海淀区,40
1897625440,m,1985,广东,深圳,41
2729849881,m,1989,河南,郑州,37
2382126774,m,1988,广东,东莞,38
1840403760,m,1985,广东,深圳,41
3221029753,m,1990,江苏,泰州,36
2370662861,m,1988,福建,龙岩,38
1512024080,m,1993,重庆,荣昌县,33
1840571040,f,1990,广东,广州,36
1815939385,m,1982,陕西,渭南,44
2631795624,m,1995,None,None,31
1131320413,m,1964,浙江,湖州,62
1279833335,m,1985,广东,东莞,41
2648015837,m,1992,辽宁,沈阳,34
2856108722,m,1988,浙江,嘉兴,38
2922877813,m,1982,浙江,温州,44
1843113144,m,1988,上海,None,38
2691736761,m,1992,四川,成都,34
2308006724,f,1985,广东,深圳,41
1566631171,f,1987,北京,平谷区,39
1912464105,f,1989,甘肃,天水,37
2501453030,f,1987,广东,深圳,39
2002406744,m,1984,福建,福州,42
2984388414,m,1988,广东,东莞,38
1761756465,m,1992,辽宁,沈阳,34
2968607990,m,1995,广东,湛江,31
1879362790,m,1990,上海,黄浦区,36
1455629645,m,1987,北京,海淀区,39
2017297984,m,1993,辽宁,沈阳,33
1105161272,m,1978,广东,广州,48
1843221594,f,1987,广西,南宁,39
1898452321,m,1988,北京,朝阳区,38
1769958604,m,1989,四川,成都,37
2394340897,m,1989,四川,泸州,37
2794817954,m,1993,广东,广州,33
1752402495,m,1989,河南,平顶山,37
2532126044,f,1992,贵州,贵阳,34
2554653047,m,1990,北京,海淀区,36
1992981471,m,1981,广东,深圳,45
1902650383,m,1977,None,None,49
2644859611,m,1991,广东,广州,35
1824939427,m,1982,山东,德州,44
2670864664,m,1983,福建,福州,43
2719164923,m,1990,内蒙古,呼和浩特,36
2311497253,f,1983,北京,海淀区,43
1985744427,m,1970,上海,闵行区,56
2461108265,m,1993,山东,枣庄,33
2300465395,f,1981,辽宁,沈阳,45
1195406897,m,1985,陕西,西安,41
2982198705,m,1994,广东,广州,32
2709465784,m,1988,None,None,38
2645384923,m,1988,广东,广州,38
2704872623,m,1985,辽宁,营口,41
3066198983,m,1984,陕西,西安,42
1194840563,m,1998,北京,朝阳区,28
1420112701,m,1980,江苏,南京,46
3485952415,m,1978,广东,深圳,48
1850324043,m,1984,上海,普陀区,42
2553002795,m,1993,河北,石家庄,33
2419130191,f,1990,北京,大兴区,36
1707959254,m,1992,广东,汕头,34
2718507423,m,1988,上海,普陀区,38
2597971822,m,1950,上海,普陀区,76
1885461150,m,1982,北京,朝阳区,44
2217295755,m,1985,香港,深水埗区,41
2994763233,m,1993,广东,深圳,33
1865960410,m,1976,四川,成都,50
2478268331,m,1981,北京,丰台区,45
2770856873,m,1990,山东,东营,36
1870703331,m,1990,广东,广州,36
2708105705,m,1990,西藏,拉萨,36
2472165610,m,1993,重庆,None,33
2124919915,f,1990,北京,海淀区,36
2301568194,m,1992,北京,通州区,34
2727411803,f,1979,北京,房山区,47
2035385021,m,1991,北京,顺义区,35
3203387335,m,1989,北京,大兴区,37
1819325973,m,1990,上海,徐汇区,36
1358968177,m,1976,山东,济南,50
2493358291,m,1986,四川,成都,40
1767762450,m,1990,湖北,武汉,36
1730161814,m,1993,河南,洛阳,33
1750251197,m,1992,广东,广州,34
1865254367,f,1985,北京,朝阳区,41
1223451344,m,1978,北京,朝阳区,48
1756957543,m,1984,山东,济南,42
2667738375,m,1990,四川,成都,36
1680666782,f,1987,辽宁,沈阳,39
2181606161,f,1983,上海,虹口区,43
2726945683,m,1982,江苏,徐州,44
2471362833,m,1980,上海,浦东新区,46
2180139893,m,1984,天津,河西区,42
2642894433,f,1990,河南,郑州,36
2209166964,f,1988,安徽,亳州,38
2539387137,m,1983,广东,广州,43
2769589441,m,1994,山东,威海,32
1416145320,m,1982,北京,海淀区,44
1149565043,m,1984,北京,海淀区,42
2043729767,m,1989,上海,宝山区,37
3199289281,m,1986,广东,深圳,40
2495117585,m,1988,河北,衡水,38
2452367650,m,1990,云南,昆明,36
1814060051,m,1987,山东,淄博,39
2517925283,m,1985,上海,静安区,41
2395720367,f,1991,天津,塘沽区,35
1819799943,m,1988,广西,桂林,38
2511537052,m,1989,上海,金山区,37
2735644845,m,1990,湖北,武汉,36
2184887583,m,1977,北京,丰台区,49
3021934201,m,1990,重庆,渝北区,36
3107435052,m,1993,None,None,33
1498979752,m,1988,北京,朝阳区,38
2509004150,m,1989,河南,郑州,37
1916493121,m,1989,北京,通州区,37
2806936542,m,1980,广东,清远,46
1339445603,m,1990,天津,河西区,36
1683533532,m,1988,广东,深圳,38
2839635761,f,1967,天津,河东区,59
1729575877,m,1984,海外,美国,42
1365264552,f,1987,广东,深圳,39
1597528635,m,1988,江苏,苏州,38
1824957480,m,1993,广东,潮州,33
1869765940,m,1987,上海,闵行区,39
2503528052,m,1987,广东,惠州,39
2083356641,m,1986,辽宁,沈阳,40
1783176687,f,1981,江苏,无锡,45
3097650127,m,1983,广西,南宁,43
2438789090,m,1990,四川,成都,36
2117002511,f,1991,河北,唐山,35
2439418443,m,1980,湖南,湘西土家族苗族自治州,46
1578745201,m,1989,江苏,无锡,37
1721498250,f,1991,广东,中山,35
2713762573,m,1983,广东,广州,43
1742299715,m,1993,甘肃,兰州,33
1873696572,f,1989,广东,汕头,37
1877076825,m,1987,湖北,宜昌,39
2120421737,m,1979,广东,None,47
2253212980,m,1990,广东,中山,36
2651680553,m,1988,安徽,淮南,38
2506775793,m,1976,山东,淄博,50
1275138887,f,1988,陕西,西安,38
2849532123,m,1987,广东,广州,39
2513476160,m,1984,广东,广州,42
1737894634,f,1985,安徽,淮北,41
3044835451,m,1983,广西,南宁,43
1341249963,f,1988,北京,东城区,38
1835578731,m,1991,河南,新乡,35
1778092423,m,1993,河北,唐山,33
3201236957,m,1982,河南,商丘,44
1759456085,f,1985,北京,通州区,41
2000667423,m,1991,四川,成都,35
1971876453,m,1985,湖北,武汉,41
1472481634,m,1981,北京,朝阳区,45
3516643691,m,1993,山东,青岛,33
1192848603,m,1982,上海,奉贤区,44
2642892294,m,1990,上海,嘉定区,36
1054761691,m,1983,山东,菏泽,43
2641463254,m,1974,贵州,黔西南,52
2770798293,m,1984,广东,广州,42
1708835987,m,2006,广东,广州,20
1963382417,m,1984,北京,海淀区,42
2266041935,m,1984,广东,广州,42
1734309443,m,1986,北京,海淀区,40
1635124685,f,1988,北京,朝阳区,38
2132131695,m,1971,北京,东城区,55
2732083145,m,1987,浙江,金华,39
2128439741,m,1993,山东,日照,33
1226382457,m,1985,辽宁,沈阳,41
1061669337,m,1962,内蒙古,呼和浩特,64
1081372043,m,1982,上海,浦东新区,44
3156070937,m,1985,湖北,武汉,41
2410941121,f,1989,北京,None,37
1905027511,f,1985,河北,石家庄,41
2312818972,f,1991,江苏,连云港,35
1793143151,f,1989,浙江,杭州,37
1747478104,m,1990,北京,海淀区,36
1689586901,m,1980,上海,闵行区,46
1846980787,f,1990,湖北,荆门,36
1701814354,m,1987,北京,东城区,39
2239877201,m,1997,北京,海淀区,29
2921080574,m,1986,广东,深圳,40
2390357575,m,1979,黑龙江,哈尔滨,47
1216999050,m,1984,None,None,42
2664306073,m,1985,上海,静安区,41
2367559641,m,1984,山东,None,42
2064256551,f,1992,四川,成都,34
2642107711,m,1984,河南,郑州,42
1801380327,f,1983,河北,石家庄,43
1824494580,f,1983,四川,成都,43
1465393911,m,1978,山西,太原,48
1597771472,f,1990,湖北,武汉,36
1768757382,f,1984,北京,朝阳区,42
1841039457,m,1993,广东,梅州,33
1254691271,m,1985,广东,佛山,41
1045530922,m,1956,河北,沧州,70
2988287395,m,1982,北京,石景山区,44
1541873215,m,1974,北京,海淀区,52
1718985082,m,1987,北京,海淀区,39
1627788301,f,1992,湖南,长沙,34
1821086093,m,1986,四川,成都,40
2645320722,m,1975,广东,东莞,51
1840080115,m,1982,上海,闸北区,44
2211227183,m,1979,上海,浦东新区,47
1902619841,m,1989,广东,佛山,37
1884300540,m,1979,江西,赣州,47
1166618512,m,1980,天津,None,46
2078363155,m,1990,广东,广州,36
1880129713,m,1991,福建,漳州,35
1763856113,f,1984,四川,成都,42
2512952765,f,1983,天津,河东区,43
1644982400,m,1991,安徽,合肥,35
2086639071,m,1982,北京,西城区,44
3200661514,f,1982,吉林,长春,44
2712038572,f,2013,北京,海淀区,13
2214401715,f,1992,北京,昌平区,34
3082182342,f,1986,北京,西城区,40
1893441794,f,1989,浙江,杭州,37
2256989103,m,1970,上海,闵行区,56
1910596457,m,1985,江苏,南京,41
2810573262,m,1992,河北,保定,34
2693703502,m,1991,四川,None,35
2528656921,f,1989,山东,青岛,37
1796065494,m,1992,北京,昌平区,34
3215511834,m,1991,广西,南宁,35
1819440653,m,1983,河北,邢台,43
1266913795,f,1990,北京,海淀区,36
1270342752,m,1989,山东,济南,37
2773520065,f,1991,北京,西城区,35
2581696621,f,1992,广东,梅州,34
3037428625,m,1992,北京,昌平区,34
1741471003,m,1990,湖南,常德,36
1362951404,m,1985,广东,广州,41
1417115613,m,1980,None,None,46
2544358057,f,1980,上海,None,46
1560406494,m,1985,山东,威海,41
2272139524,m,1991,上海,闵行区,35
2881200772,f,1989,北京,海淀区,37
1706963645,m,1975,广东,佛山,51
1749101610,m,1987,江苏,苏州,39
1450786982,m,1981,北京,东城区,45
1293922175,m,1960,上海,徐汇区,66
1564438753,m,1981,内蒙古,包头,45
1570619181,m,1989,安徽,宣城,37
2836013510,m,1986,北京,大兴区,40
3205241773,m,1983,北京,海淀区,43
1755390525,m,1984,北京,宣武区,42
2687324473,m,1988,江苏,苏州,38
2719564820,m,1988,广东,深圳,38
2983907840,m,1991,安徽,阜阳,35
1749051637,f,1985,湖北,武汉,41
1480188070,f,1979,上海,普陀区,47
1941566821,m,1990,广东,广州,36
2532245882,m,1985,北京,平谷区,41
2413855324,m,1990,广东,广州,36
1678576695,m,1986,江苏,苏州,40
2410960432,m,1986,北京,海淀区,40
2181417285,f,1982,北京,朝阳区,44
1751365663,m,1987,北京,东城区,39
1396164483,m,1988,北京,朝阳区,38
2921422381,m,1990,None,None,36
1726610664,m,1983,河北,石家庄,43
2785704151,m,1983,江苏,南京,43
2825027183,m,1979,安徽,宣城,47
1438789551,m,1960,四川,德阳,66
1899199543,m,1991,山东,日照,35
1866903500,m,1981,天津,东丽区,45
1445542790,m,1981,河北,石家庄,45
1725191951,m,1987,None,None,39
2294071794,m,1986,广东,广州,40
1883476233,m,1990,江苏,连云港,36
1552706381,m,1988,北京,通州区,38
1425286642,f,1975,吉林,延边朝鲜族自治州,51
3083934223,m,1988,北京,丰台区,38
1446370680,m,1980,北京,房山区,46
2715421421,m,1984,广东,中山,42
2402252391,m,1990,广东,深圳,36
2018036573,m,1990,江苏,None,36
2639003251,m,1987,江西,景德镇,39
1684910405,f,1983,辽宁,大连,43
1432442370,f,1972,北京,None,54
2147553570,m,1995,江苏,无锡,31
3326122730,m,1984,广东,广州,42
2716497851,m,1989,上海,普陀区,37
1808661850,m,1991,广东,广州,35
1852171383,f,1986,河北,石家庄,40
1740391277,m,1991,河南,驻马店,35
2561947630,m,1991,广东,云浮,35
3225647977,m,1990,天津,塘沽区,36
1887952731,m,1989,天津,红桥区,37
1261385784,m,1986,江西,南昌,40
2090955355,m,1985,北京,顺义区,41
2237868940,f,1979,广东,深圳,47
2738797014,m,1984,广东,珠海,42
2397961280,m,1980,安徽,合肥,46
3074755601,f,1982,黑龙江,哈尔滨,44
1345905637,m,1987,江苏,None,39
2257451123,m,1986,广东,None,40
1750141803,m,1990,山东,青岛,36
1988260185,m,1975,广东,深圳,51
1437107583,m,1981,北京,房山区,45
2822096074,m,2012,北京,朝阳区,14
2048751253,m,1989,河北,唐山,37
1739782414,m,1979,上海,闵行区,47
2178663624,m,1989,浙江,温州,37
1803863964,m,1989,广东,广州,37
2173811510,f,1978,山西,吕梁,48
1192626272,m,1957,四川,成都,69
1197193595,m,1986,广东,深圳,40
1975641035,m,1985,四川,成都,41
2710668241,f,1992,北京,朝阳区,34
1281103477,f,1984,北京,东城区,42
2364869813,m,1979,河北,石家庄,47
2243879273,m,1987,河南,三门峡,39
1354351434,m,1983,内蒙古,呼伦贝尔,43
1749117872,f,1987,广东,广州,39
1862396281,f,1991,北京,海淀区,35
1405556947,m,1980,陕西,西安,46
2881651764,f,1980,北京,朝阳区,46
1234294901,f,1971,江苏,苏州,55
2384026744,m,1988,福建,厦门,38
1738097260,m,1993,江西,南昌,33
1401375147,m,2001,江苏,None,25
1802262780,m,1975,上海,徐汇区,51
3026598091,m,1989,北京,海淀区,37
1784451871,m,1985,广东,广州,41
1062062082,m,1981,甘肃,兰州,45
1837559231,m,1990,重庆,渝中区,36
2569170741,m,1985,四川,成都,41
2864006360,m,1988,福建,厦门,38
1497473985,m,1982,北京,密云县,44
1582431311,m,1989,辽宁,沈阳,37
1519844751,m,1998,辽宁,葫芦岛,28
2586125170,m,1988,广西,桂林,38
2711249837,m,1990,四川,成都,36
2257783187,f,1990,北京,西城区,36
2845668000,f,1985,广东,揭阳,41
2329558923,m,1989,广东,深圳,37
1081465922,m,1974,河北,廊坊,52
2219536107,m,1983,浙江,温州,43
2365134702,m,1988,北京,东城区,38
1733557620,m,1986,北京,西城区,40
1946740995,m,1984,山西,大同,42
3048942733,m,1994,四川,南充,32
1199547237,f,1986,四川,成都,40
2597949034,m,1988,广东,深圳,38
2305163354,m,1986,上海,None,40
2265775450,f,1991,广东,None,35
1817047494,m,1985,河南,郑州,41
1801294281,m,1987,北京,海淀区,39
1046944355,f,1980,河北,石家庄,46
1747930015,f,1989,浙江,湖州,37
2946750985,m,1984,广东,深圳,42
1694278203,m,1984,上海,徐汇区,42
1718451280,f,1985,北京,东城区,41
2637919721,m,1992,陕西,咸阳,34
2824647542,m,1984,上海,长宁区,42
2159672463,m,1986,北京,朝阳区,40
1250390065,m,1976,新疆,None,50
2918967392,m,1979,湖北,武汉,47
2458328812,m,1979,广东,佛山,47
1750234380,m,1979,北京,None,47
2632993415,m,1989,天津,河东区,37
1398366314,m,1986,天津,西青区,40
2087818401,m,1986,天津,武清区,40
2653472443,f,1992,上海,南汇区,34
1850339007,f,1991,湖南,郴州,35
2195737195,f,1990,河南,信阳,36
1750849431,f,1982,天津,河西区,44
2263502634,m,1987,上海,浦东新区,39
1790846605,f,1995,陕西,None,31
2119554173,m,1982,广东,东莞,44
1850795324,m,1984,广东,广州,42
1593638073,m,1956,北京,东城区,70
2479317821,f,1990,北京,海淀区,36
1934302087,m,1982,广东,深圳,44
1838081293,m,1980,北京,海淀区,46
2493365400,m,1989,上海,闵行区,37
2470132512,m,1990,广东,东莞,36
1168845825,m,1987,四川,成都,39
1751306235,m,1993,None,None,33
2232755881,f,1986,北京,延庆县,40
1927502031,m,1983,北京,丰台区,43
1813630352,m,1987,广东,广州,39
1312079741,m,1985,广东,深圳,41
3173657087,m,1985,河南,郑州,41
1089431563,m,1982,北京,房山区,44
2316578927,m,1983,北京,西城区,43
1913590325,m,1982,江苏,徐州,44
1723402634,m,1982,吉林,None,44
2258027095,m,1980,山东,青岛,46
2346504233,m,1990,安徽,合肥,36
1198779667,f,1961,浙江,台州,65
1882050411,m,1976,江西,南昌,50
2661193613,f,1991,安徽,阜阳,35
1830127873,f,1990,湖北,武汉,36
1394734461,m,1989,河北,邯郸,37
1677151674,m,1994,重庆,潼南县,32
2804061270,m,1992,北京,海淀区,34
1191376651,m,1986,北京,丰台区,40
2315952822,f,1991,重庆,None,35
1855031847,m,1985,河北,保定,41
2182199507,m,1982,北京,丰台区,44
1766583440,m,1985,广东,深圳,41
2424624794,m,1990,上海,None,36
2736711473,m,1987,广东,广州,39
1442403534,m,1972,江苏,苏州,54
2713141120,m,1989,浙江,杭州,37
2936152175,f,1990,北京,海淀区,36
2872711544,m,1988,辽宁,大连,38
1172185337,f,1989,辽宁,大连,37
1606714891,m,1989,广东,广州,37
2260630992,m,1974,上海,青浦区,52
2462154732,m,1981,黑龙江,哈尔滨,45
2445194697,m,1989,北京,朝阳区,37
1663640882,m,1989,浙江,杭州,37
1182602752,m,1985,广东,None,41
1192082040,m,1999,上海,松江区,27
2494849583,m,1986,内蒙古,呼和浩特,40
2395193045,m,1991,北京,朝阳区,35
2382570807,m,1991,山西,大同,35
1348149071,m,1985,河北,邯郸,41
1287795032,m,1986,广西,梧州,40
2812704882,m,1986,广东,中山,40
1708957155,m,1989,广东,江门,37
2770330671,m,1984,上海,宝山区,42
2301266171,m,1992,北京,海淀区,34
1756836435,f,1982,北京,崇文区,44
2857641164,m,1986,浙江,温州,40
3048727690,m,1978,湖南,湘西土家族苗族自治州,48
1131883644,m,1983,黑龙江,哈尔滨,43
1251618974,f,1986,辽宁,抚顺,40
2423250992,m,1987,广东,珠海,39
1661462184,m,2013,海外,新加坡,13
2653799835,f,1990,广东,广州,36
3076308084,m,1985,上海,宝山区,41
1895499021,m,1990,陕西,西安,36
2617767262,m,1987,广东,广州,39
2523674274,m,1993,广东,广州,33
2358679792,f,1987,广东,茂名,39
1644817742,m,1986,四川,成都,40
2617730892,m,1990,广东,广州,36
2715930923,m,1988,天津,河北区,38
2597934237,m,1991,广东,江门,35
2732489855,f,1987,None,None,39
1749075601,f,1990,北京,朝阳区,36
2319041333,m,1989,辽宁,沈阳,37
2305601427,m,1928,北京,海淀区,98
1140177417,m,1980,新疆,吐鲁番,46
3164489075,m,1988,内蒙古,呼伦贝尔,38
2461960562,m,1991,广东,广州,35
1534406663,f,1973,北京,海淀区,53
1709662107,m,1992,北京,昌平区,34
2648448150,m,1992,河南,焦作,34
2322672655,f,1984,河北,廊坊,42
1778288007,m,1982,北京,朝阳区,44
2626294985,m,1988,山东,济宁,38
1957855917,m,1985,广东,广州,41
1403125013,m,1967,北京,朝阳区,59
2867716484,m,1986,安徽,合肥,40
1932961417,m,1992,None,None,34
1967578217,m,1988,上海,徐汇区,38
3101467347,m,1982,北京,昌平区,44
2667904691,m,1983,天津,河西区,43
1536125584,m,1990,北京,朝阳区,36
2010684267,m,1991,陕西,榆林,35
2100031347,m,1987,江苏,苏州,39
2369809750,f,1983,上海,宝山区,43
2338157021,m,1990,山东,淄博,36
1673917315,m,1985,天津,南开区,41
2440185395,f,1986,北京,东城区,40
1738957867,m,1987,江苏,南京,39
2647218591,m,1979,北京,丰台区,47
2297822620,f,1984,四川,成都,42
1587122493,f,1988,广东,广州,38
1921466545,m,1987,北京,朝阳区,39
1892592315,m,1983,北京,东城区,43
1395414984,m,1986,广东,深圳,40
1698850101,m,1983,广西,桂林,43
2329285475,m,1989,辽宁,抚顺,37
1812519884,f,1987,天津,河北区,39
1184470950,m,1988,海南,海口,38
1397917323,m,1989,浙江,温州,37
1973022250,f,1990,安徽,合肥,36
1699905395,m,1979,河南,商丘,47
2899486287,m,1982,湖北,武汉,44
2826419153,m,1999,安徽,合肥,27
2170548213,m,1991,天津,塘沽区,35
2521322575,m,1975,四川,成都,51
1465221735,m,2011,上海,黄浦区,15
1534080124,f,1993,吉林,长春,33
1848685284,m,1984,广东,江门,42
3064458025,m,1993,上海,浦东新区,33
2686683633,m,1987,北京,怀柔区,39
1634331867,f,1982,上海,徐汇区,44
2156361170,m,1980,甘肃,兰州,46
1854575121,m,1990,北京,海淀区,36
1883421672,f,1984,广东,中山,42
2577116295,f,1993,北京,顺义区,33
2513167974,f,1976,湖北,武汉,50
2422692880,m,1996,陕西,西安,30
2630659047,m,1977,上海,None,49
1084452145,m,1991,福建,厦门,35
2741728773,m,1989,河北,秦皇岛,37
1690339353,m,1992,广西,南宁,34
1427797613,f,1978,福建,福州,48
2001011447,m,1983,湖南,长沙,43
2173844774,m,1982,上海,闸北区,44
1676372643,m,1994,广东,韶关,32
1285531214,f,1990,上海,浦东新区,36
1458407275,m,1976,江苏,镇江,50
2884068910,m,1995,湖南,长沙,31
1070175151,m,1972,北京,朝阳区,54
1650875310,m,1992,河北,保定,34
2550997121,m,1973,北京,海淀区,53
1728589271,m,1986,广西,北海,40
2911313755,m,1987,江苏,南京,39
1268223974,f,1987,北京,海淀区,39
2551023205,m,1989,四川,成都,37
1738576204,m,1986,北京,海淀区,40
1792365963,m,1985,广东,佛山,41
2941805685,m,2012,上海,黄浦区,14
2523904737,m,1982,北京,东城区,44
2165372101,m,1990,江苏,无锡,36
1407586944,m,1980,北京,None,46
2776198681,m,1984,四川,成都,42
1941638210,m,1989,四川,成都,37
2348935605,m,1987,天津,河北区,39
3199085365,m,1983,云南,昆明,43
3194473707,m,1989,江苏,苏州,37
1610433311,m,1981,四川,成都,45
1796364701,m,1983,北京,朝阳区,43
2385066780,m,1992,陕西,西安,34
1813397292,m,1991,山西,运城,35
1651715994,m,1983,上海,浦东新区,43
1785469097,f,2012,北京,东城区,14
2802430671,m,1991,北京,东城区,35
2151208637,m,1984,北京,丰台区,42
1828838694,m,1983,陕西,西安,43
2028276837,m,1978,重庆,渝北区,48
1794438524,m,1981,河北,石家庄,45
2314476704,m,1976,江西,南昌,50
1760406577,m,1983,None,None,43
1866226552,m,1979,黑龙江,大兴安岭,47
2214431811,m,1978,江苏,无锡,48
2291652443,m,1993,台湾,None,33
1822699185,f,1978,北京,None,48
1733346380,f,1988,北京,朝阳区,38
2125918271,m,1982,上海,松江区,44
2659290432,m,1987,山东,青岛,39
3013900865,m,1989,宁夏,银川,37
1429686442,m,1980,天津,红桥区,46
2594926770,f,1988,北京,朝阳区,38
1833029952,m,1967,北京,西城区,59
2688478037,f,1991,湖南,株洲,35
3019094253,m,1988,山西,太原,38
1743963555,f,1990,江苏,苏州,36
3201080234,m,1998,北京,昌平区,28
1936995274,m,1992,北京,通州区,34
2799407262,m,1987,广东,深圳,39
2623020181,m,1990,福建,福州,36
3056549105,m,1992,贵州,六盘水,34
2423848020,m,1993,湖北,武汉,33
1628273642,m,1981,北京,海淀区,45
2811552052,m,1990,广东,广州,36
1223229824,m,1988,江苏,苏州,38
1427684561,m,1973,北京,东城区,53
2810943700,m,1976,湖北,武汉,50
3084832783,m,1994,北京,通州区,32
1763382307,m,1990,河南,南阳,36
2754204483,m,1992,黑龙江,哈尔滨,34
1600777320,m,1990,山东,烟台,36
3024669417,m,1993,海南,海口,33
1907742187,f,1981,上海,长宁区,45
2651802271,m,1991,广东,梅州,35
2429305477,f,1985,北京,None,41
1678939402,m,1983,广东,广州,43
1529041237,m,1988,北京,海淀区,38
1889660292,m,1986,山东,烟台,40
1815325695,m,1992,四川,成都,34
1591150261,m,1974,河北,廊坊,52
1969365447,m,1989,吉林,长春,37
1808018275,m,1990,广东,深圳,36
2880393041,m,1992,山东,菏泽,34
2182811910,m,1990,湖北,武汉,36
1219089595,m,1979,江苏,苏州,47
1787804830,m,1989,广东,深圳,37
1205190321,m,1973,广东,广州,53
3249745955,m,1988,广东,广州,38
2158004157,m,1983,广东,广州,43
1820386542,f,1991,广东,广州,35
1215681770,f,1983,天津,河西区,43
2507282204,m,1990,广东,广州,36
1670707307,f,1981,天津,和平区,45
1594642361,m,1989,广东,潮州,37
1656783265,m,1990,北京,大兴区,36
3027579703,m,1991,湖北,黄冈,35
2905833737,m,1991,安徽,合肥,35
2822433131,m,1992,四川,成都,34
3167856880,m,1985,None,None,41
1789774877,m,1991,江苏,南通,35
3209049233,m,1979,贵州,六盘水,47
1523039935,m,1989,江苏,南京,37
1842038913,f,1982,天津,南开区,44
1659250914,m,1990,青海,海西,36
2619852001,m,1987,安徽,合肥,39
2467626205,m,1988,北京,西城区,38
2296640913,m,1986,山东,聊城,40
2311276133,m,1991,河南,信阳,35
2296507284,m,1967,上海,闵行区,59
3082493931,m,1990,甘肃,兰州,36
2263665901,f,1992,河北,承德,34
1410905461,m,1981,辽宁,抚顺,45
2414801533,m,1979,浙江,杭州,47
1891191473,m,1990,北京,海淀区,36
1409370864,m,2000,北京,东城区,26
2456011784,m,1981,上海,浦东新区,45
1801867285,m,1988,广西,南宁,38
1750702474,m,1989,广东,深圳,37
2747813773,m,1991,重庆,合川区,35
2706680732,m,1987,北京,朝阳区,39
1410040684,m,1981,黑龙江,哈尔滨,45
1652726033,m,1989,陕西,西安,37
1380447692,m,1988,陕西,宝鸡,38
334848,m,1970,湖北,襄阳,56
3166364563,m,1975,湖北,武汉,51
1644372270,f,1991,广东,深圳,35
2988008467,m,1993,江苏,常州,33
1409506315,m,2007,北京,朝阳区,19
1688809464,m,1944,上海,南汇区,82
1854784127,m,1978,山东,济宁,48
1218789531,m,1982,None,None,44
2460835804,m,1991,湖北,武汉,35
1638164485,m,1988,内蒙古,呼和浩特,38
2526725442,f,1982,北京,海淀区,44
2291840345,m,1991,江西,None,35
2733718627,m,1974,甘肃,武威,52
3149104387,m,1991,上海,浦东新区,35
2397154734,f,1989,广东,广州,37
2319586864,f,1990,福建,龙岩,36
3108919057,f,1973,陕西,西安,53
1882451217,f,1990,北京,东城区,36
1044113481,f,1985,河北,沧州,41
1814271291,m,1969,广东,珠海,57
2626234105,f,1990,河南,郑州,36
2245396161,f,1994,山东,青岛,32
1776474812,m,1988,None,None,38
1295082491,m,1981,上海,普陀区,45
2358144385,m,1979,北京,朝阳区,47
3186619002,m,1990,广西,北海,36
1600436767,m,1987,广东,广州,39
1454668585,m,1984,河南,郑州,42
2094312651,f,1969,北京,朝阳区,57
2271675445,f,1990,河北,唐山,36
2465319562,m,1986,广东,深圳,40
2713393517,m,1977,四川,成都,49
2773526137,m,1973,天津,宝坻区,53
3190413431,m,1992,安徽,宿州,34
1253896114,m,1990,None,None,36
1498619000,m,1973,浙江,杭州,53
2697163001,m,1991,上海,普陀区,35
2477321797,m,1987,广东,深圳,39
2322791640,f,1984,天津,河北区,42
1618608203,f,1992,北京,东城区,34
2552685371,f,1988,湖北,孝感,38
1220903012,m,1980,河南,郑州,46
1097559010,m,1981,北京,东城区,45
2747435462,f,1987,北京,石景山区,39
2656910012,m,1993,湖北,仙桃,33
2915500361,m,1982,上海,虹口区,44
2973279853,m,1991,内蒙古,包头,35
1725971003,m,1990,广东,清远,36
1441582307,m,1983,四川,成都,43
3172443623,m,1990,广东,茂名,36
2645408622,m,1986,广东,广州,40
1450208567,m,1984,广东,中山,42
2273806307,f,1990,内蒙古,呼和浩特,36
1156807011,m,1983,北京,东城区,43
2881018944,m,1965,内蒙古,包头,61
2465292402,m,1989,广东,深圳,37
2662320343,m,1989,北京,海淀区,37
1337293853,m,1986,上海,黄浦区,40
3147436910,m,1991,天津,津南区,35
1912093330,m,1981,北京,门头沟区,45
1421663242,m,1983,北京,丰台区,43
2793063151,f,1988,广东,佛山,38
2880335233,f,1988,北京,通州区,38
2795895732,m,1982,北京,崇文区,44
2719842701,m,1982,北京,None,44
1482981197,m,1976,上海,普陀区,50
2128746645,m,1981,广东,广州,45
1557965284,m,1991,上海,普陀区,35
1941051697,m,1988,None,None,38
2532118582,f,1992,上海,浦东新区,34
1630155763,f,1989,四川,成都,37
1473642967,m,1984,湖北,武汉,42
2584183642,m,1991,云南,昆明,35
1709644885,m,1981,新疆,乌鲁木齐,45
2653861691,f,2006,广东,东莞,20
2072494965,m,1988,北京,朝阳区,38
1758872764,f,1986,湖北,武汉,40
1831326530,m,1989,安徽,蚌埠,37
3184921140,m,1993,河南,周口,33
1742369180,m,1987,广东,中山,39
1747174182,m,1986,北京,顺义区,40
1432904495,m,1999,福建,福州,27
2474308317,m,1994,辽宁,沈阳,32
2710673431,m,1987,北京,海淀区,39
2784321511,m,1988,北京,丰台区,38
2674700793,f,1992,广东,深圳,34
2515712462,m,1990,浙江,None,36
1373697342,m,1986,福建,三明,40
2375098232,m,1989,辽宁,大连,37
1909183491,m,1983,上海,徐汇区,43
1403889625,f,1974,河北,None,52
1800202053,m,1983,上海,徐汇区,43
2189607571,f,1981,上海,金山区,45
1186369920,m,1987,None,None,39
2163137277,m,1989,广东,广州,37
1749228091,m,1988,北京,海淀区,38
1079974894,m,1982,辽宁,大连,44
1895165703,m,1965,江苏,南通,61
2480273750,f,1986,江苏,南京,40
2547880305,f,1990,北京,None,36
3195898207,m,1983,广东,东莞,43
3059108227,m,1984,广东,广州,42
1724986557,m,1988,河北,秦皇岛,38
2940137915,m,1992,None,None,34
2628447341,m,1984,广东,中山,42
2272694884,m,1990,四川,成都,36
1825020637,m,1991,北京,昌平区,35
1488461922,m,1979,江苏,常州,47
1740079973,m,1988,天津,滨海新区,38
1814003972,f,2001,福建,厦门,25
2881075210,m,1985,北京,海淀区,41
2671277543,f,1988,安徽,合肥,38
2382616512,m,1991,湖北,武汉,35
2273533682,m,1986,北京,海淀区,40
2160330273,m,1986,湖南,益阳,40
1300444983,f,1971,山东,济南,55
1604385120,m,1986,None,None,40
2416721451,f,1989,北京,朝阳区,37
3237489532,m,1993,上海,浦东新区,33
1418228107,m,1983,辽宁,大连,43
2383370055,m,1989,天津,河东区,37
2486584057,m,1987,浙江,杭州,39
1810942553,m,1986,广东,深圳,40
2569459973,f,1991,安徽,合肥,35
1554190801,m,1979,广东,深圳,47
2744688277,m,1981,北京,丰台区,45
2641943523,f,1992,海南,海口,34
1442324415,m,1983,北京,通州区,43
1949303291,f,1988,北京,大兴区,38
3106535127,m,1987,安徽,合肥,39
2659319484,f,1987,广东,肇庆,39
1033009482,m,1978,北京,东城区,48
1824311077,f,1985,重庆,九龙坡区,41
1528578573,f,1992,None,None,34
2489309743,f,1962,天津,河东区,64
1078312972,m,1988,广东,韶关,38
2455884387,m,1993,湖南,长沙,33
2637583371,f,1993,上海,浦东新区,33
1046075664,m,1976,福建,福州,50
1698143077,m,1980,北京,宣武区,46
2907446875,m,1989,重庆,江北区,37
2596437891,f,1991,浙江,杭州,35
2392151664,m,1994,四川,成都,32
2292357971,m,1986,北京,海淀区,40
1763447770,m,1984,江苏,苏州,42
2840922932,m,1999,上海,长宁区,27
2705358821,m,1990,湖南,长沙,36
2395024050,m,1988,浙江,杭州,38
2360459467,f,1991,四川,成都,35
1484199704,m,1978,广东,广州,48
2545433761,f,1984,福建,漳州,42
1447209971,m,1978,浙江,湖州,48
1845807232,m,1992,湖南,衡阳,34
2835310037,m,1989,北京,海淀区,37
1916991147,m,1990,河北,保定,36
1807639553,m,1986,上海,闸北区,40
1828303945,f,1989,天津,南开区,37
1905674407,m,1974,北京,海淀区,52
1652841480,m,1984,山东,济南,42
1869135493,m,1983,陕西,西安,43
1645262897,m,1984,上海,宝山区,42
1756399573,f,1987,广东,珠海,39
2059890835,m,1984,上海,徐汇区,42
1743436631,f,1988,北京,宣武区,38
1733943373,f,1987,陕西,宝鸡,39
2934527897,m,1988,北京,海淀区,38
1650772587,m,1987,河南,驻马店,39
1705648230,f,1987,四川,成都,39
1922170843,m,1975,安徽,阜阳,51
2170102674,m,2010,上海,黄浦区,16
1601772722,m,1990,河南,安阳,36
1138850332,m,1984,None,None,42
1061981893,m,1987,广西,玉林,39
1231213804,m,1989,河南,开封,37
2770323867,m,1992,黑龙江,哈尔滨,34
2938531561,f,1982,None,None,44
1856477682,f,1990,广西,南宁,36
1325352645,f,1984,北京,朝阳区,42
2203352374,m,1978,None,None,48
1196633497,m,1988,江苏,南京,38
1903727532,m,1983,浙江,温州,43
2780358400,m,1992,四川,成都,34
1562190023,m,1987,辽宁,沈阳,39
2746083127,m,1970,河北,廊坊,56
2489288290,m,1987,江苏,盐城,39
1509789544,m,1986,浙江,杭州,40
2793568640,m,1984,广东,广州,42
1751386127,m,1989,广东,广州,37
1762665763,m,1983,广东,广州,43
2265730167,m,1988,北京,房山区,38
2283017000,m,1990,广东,深圳,36
2282715492,m,1978,上海,浦东新区,48
2706136362,m,1990,北京,None,36
3074254997,m,1975,北京,朝阳区,51
1085325134,m,1988,江苏,南京,38
1738398805,m,1990,湖南,郴州,36
1040014005,m,1967,北京,朝阳区,59
1811491160,f,1991,四川,成都,35
1946336211,m,1985,广东,惠州,41
3143445257,f,1989,四川,德阳,37
1285700323,m,1981,上海,浦东新区,45
1292363385,m,1987,广西,北海,39
1668214721,f,1982,江苏,苏州,44
3229225203,f,1990,北京,海淀区,36
2169424274,f,1983,上海,杨浦区,43
1798308100,m,1980,广东,广州,46
1838964595,f,1991,河南,南阳,35
1411755737,m,1984,广东,广州,42
1913644763,m,1988,北京,大兴区,38
2145010483,m,1987,江苏,None,39
1055037914,m,1984,浙江,杭州,42
1579708720,m,1990,None,None,36
2015632590,m,1989,海南,None,37
1802129715,m,1981,广东,广州,45
1818954647,m,1985,四川,成都,41
1427853850,m,1976,北京,通州区,50
2352002987,m,1981,山东,潍坊,45
2268509910,m,1979,上海,松江区,47
1215233725,f,1981,湖北,武汉,45
1171440582,m,1988,云南,昆明,38
2740895811,f,1980,天津,和平区,46
1769459054,f,1989,河南,驻马店,37
1878139627,m,1981,北京,海淀区,45
2342379201,m,1987,上海,闵行区,39
2816218181,f,1989,广东,深圳,37
3145187785,m,1978,天津,和平区,48
1688737393,m,1985,北京,朝阳区,41
3189178700,m,1992,四川,攀枝花,34
2325058815,m,1994,广东,潮州,32
1886702350,m,1989,重庆,沙坪坝区,37
1683182625,f,1987,湖南,长沙,39
2345291501,m,1984,浙江,杭州,42
1795764135,m,1968,北京,朝阳区,58
1421227401,m,1983,上海,松江区,43
1833410171,m,1967,黑龙江,大庆,59
3116314937,f,1989,江苏,无锡,37
1460118780,m,1981,山东,青岛,45
1273227350,m,1990,湖南,郴州,36
2473407055,m,1982,湖北,武汉,44
1739050361,m,1989,湖南,常德,37
2277642625,f,1989,北京,海淀区,37
1661900445,m,1988,江苏,苏州,38
2411589077,m,1978,广东,东莞,48
1080751902,m,1964,北京,海淀区,62
2083903975,m,1993,广东,广州,33
2821608913,m,1987,福建,厦门,39
1890234751,m,1986,广东,揭阳,40
1768855064,m,1992,山东,烟台,34
1706388565,m,1987,北京,海淀区,39
1795705157,m,1995,上海,普陀区,31
1630415970,f,1988,上海,闵行区,38
2414259765,m,1990,江苏,南京,36
1646174212,m,1971,湖北,潜江,55
2701277834,m,1990,江苏,盐城,36
1334400675,m,1988,黑龙江,哈尔滨,38
3003597215,f,1986,河北,唐山,40
3218690510,f,1984,北京,房山区,42
2567226767,f,1991,海外,美国,35
2695396551,m,1988,北京,通州区,38
2212752075,m,1980,上海,闵行区,46
1879946704,f,1985,河北,保定,41
2216867495,m,1984,上海,徐汇区,42
1912492714,f,1996,江苏,南京,30
2953252250,f,1989,安徽,马鞍山,37
3052287163,m,1993,广东,广州,33
1742761943,m,1989,福建,厦门,37
2495424915,m,1992,广西,南宁,34
1667134877,m,1987,重庆,九龙坡区,39
2537865303,f,1991,广东,广州,35
1672019473,m,1990,天津,和平区,36
2523586895,m,1984,广东,深圳,42
1181598464,m,1963,北京,西城区,63
2778305661,m,1990,上海,徐汇区,36
1862162570,m,1991,江苏,宿迁,35
2636237513,f,1991,四川,遂宁,35
1663387787,f,1988,北京,昌平区,38
1658202487,m,1981,四川,成都,45
1653501932,m,1989,北京,朝阳区,37
1494923480,m,1974,北京,None,52
2247605827,f,1987,北京,顺义区,39
1835971903,f,1982,北京,None,44
2133693723,m,1993,广西,梧州,33
1824327963,m,1979,天津,南开区,47
2459163542,m,1985,广东,中山,41
2219939362,m,1980,上海,徐汇区,46
2299828595,m,1974,江苏,常州,52
1912273872,m,1982,浙江,杭州,44
2288748593,m,1988,广东,深圳,38
1736481434,m,1988,广东,广州,38
2704499620,f,1976,辽宁,锦州,50
1216507363,m,1984,四川,成都,42
1808868032,m,1990,湖北,孝感,36
2562900590,m,1987,广东,广州,39
1842705711,m,1980,广西,桂林,46
3171217184,m,1982,北京,昌平区,44
2656967903,m,1990,上海,闵行区,36
1214715861,m,1986,广西,桂林,40
3196055997,m,1987,广东,珠海,39
1877563665,m,1990,北京,石景山区,36
2876281662,m,1988,广东,东莞,38
2714908957,m,1988,四川,成都,38
2740084167,f,1972,北京,朝阳区,54
2354249761,f,1992,河南,许昌,34
2425664605,f,1989,北京,朝阳区,37
1918029155,m,1993,广东,广州,33
1132853697,m,1985,上海,奉贤区,41
2704134475,m,1982,陕西,西安,44
3041165764,f,1992,上海,松江区,34
1313597291,f,1993,北京,海淀区,33
1088859291,m,1984,山东,潍坊,42
1687064771,m,1992,河南,周口,34
1635526904,m,1988,湖北,None,38
1723176453,f,1988,北京,朝阳区,38
2759480757,m,1985,江苏,无锡,41
1423816837,m,1982,陕西,宝鸡,44
1612317601,f,1989,北京,海淀区,37
2785530697,f,1990,北京,朝阳区,36
1904472354,f,1987,广东,广州,39
2936972804,m,1990,江苏,南京,36
1944738790,m,1982,上海,嘉定区,44
2820901547,m,1982,北京,东城区,44
1267372954,m,1986,山东,青岛,40
3187457720,m,1984,北京,东城区,42
2312116581,f,1990,湖北,武汉,36
1161190494,m,1985,江苏,南京,41
1791997901,f,1982,北京,东城区,44
1682358095,f,1990,北京,昌平区,36
2415315627,m,1994,四川,成都,32
1889948502,m,1981,安徽,合肥,45
1803423167,m,1997,贵州,安顺,29
1564290222,m,1986,广东,惠州,40
1244116792,m,1969,河北,石家庄,57
2253875302,f,1990,北京,朝阳区,36
1878018051,m,1994,湖北,武汉,32
1236263685,m,1985,北京,海淀区,41
2667759853,m,1982,上海,徐汇区,44
2162841384,m,1989,江苏,南京,37
2399261133,m,1972,山东,青岛,54
2462584292,f,1982,江苏,南京,44
2250581903,m,1988,黑龙江,大庆,38
1779350785,m,1990,广东,中山,36
2010880423,f,1988,上海,徐汇区,38
2812133050,m,1992,湖南,长沙,34
2253560473,m,1989,北京,东城区,37
1690677517,m,1990,北京,海淀区,36
2810960480,f,1992,上海,徐汇区,34
2048046853,m,1978,北京,None,48
1299688795,m,1983,河南,南阳,43
2621946223,f,1985,北京,大兴区,41
1906033920,m,1989,广东,深圳,37
1735587854,m,1984,福建,None,42
1229514761,m,1986,北京,海淀区,40
1896917423,m,1978,山东,德州,48
2665104493,m,1978,北京,西城区,48
2511975691,m,1985,内蒙古,呼和浩特,41
2651792243,m,2012,北京,朝阳区,14
2203197232,f,1993,四川,内江,33
1827183417,f,1988,北京,朝阳区,38
2147847904,m,1997,广东,广州,29
1365746542,f,1981,江苏,无锡,45
1847327545,m,1982,广东,广州,44
1757822177,m,1988,海外,印度,38
2717100121,m,2012,广东,肇庆,14
2296881017,f,1977,山东,菏泽,49
2108042622,m,1985,广东,清远,41
2634723891,m,1982,北京,海淀区,44
1873931330,f,1989,上海,浦东新区,37
1787921645,m,1988,浙江,绍兴,38
1597148407,m,1989,河南,郑州,37
1277981525,f,1980,山东,青岛,46
2714265892,m,1989,吉林,吉林,37
1872468392,m,2012,山东,青岛,14
2450964365,m,1970,北京,None,56
3068206017,m,1990,辽宁,沈阳,36
2417153353,m,1986,江西,鹰潭,40
1479255343,m,1971,四川,成都,55
2623616573,m,1992,湖北,武汉,34
1795420571,f,1987,广东,广州,39
1863187811,f,1991,辽宁,沈阳,35
1989335967,m,1952,None,None,74
2571225687,m,1989,四川,成都,37
1760921874,f,1987,广东,东莞,39
1955388797,m,1987,山西,晋中,39
2690940267,m,1983,天津,河北区,43
1716659125,f,1987,北京,平谷区,39
1769499381,m,1979,河北,邢台,47
2587917400,f,1988,北京,朝阳区,38
1744437603,m,1984,广东,广州,42
3212290933,f,2013,天津,北辰区,13
2611894214,m,1990,河南,郑州,36
2473134374,m,1984,江苏,南京,42
1848692584,m,1985,天津,塘沽区,41
1842249143,m,1977,上海,普陀区,49
1790059265,m,1992,山东,威海,34
1679000902,m,1991,山东,淄博,35
1149606622,m,1982,广东,深圳,44
1098439751,m,1985,天津,河西区,41
1339708977,f,1990,海外,英国,36
2682860945,f,1991,重庆,None,35
2650392021,m,1985,江苏,苏州,41
2106549554,m,1991,北京,海淀区,35
2751091175,m,1987,浙江,宁波,39
1904043731,f,1983,天津,None,43
1883264857,m,1991,辽宁,大连,35
2007329923,m,2013,北京,海淀区,13
2203296105,m,1987,黑龙江,哈尔滨,39
1907843155,m,1992,北京,东城区,34
1784221090,m,1988,福建,福州,38
2202698415,m,1981,广东,广州,45
2037139153,m,1983,北京,朝阳区,43
1881643502,m,1987,广东,佛山,39
1497255500,m,1980,四川,成都,46
1896675733,m,1998,北京,东城区,28
2010866131,m,1983,山东,青岛,43
1652885647,m,1984,上海,普陀区,42
1272927364,m,1987,广东,广州,39
1811889527,m,1989,广东,广州,37
2834608924,m,1988,上海,徐汇区,38
1633640015,m,1975,北京,西城区,51
1953057030,m,1983,天津,河北区,43
1017237497,m,1982,上海,浦东新区,44
2411086232,f,1992,湖北,武汉,34
1522810623,m,1987,湖北,武汉,39
1422688835,m,1981,山东,济南,45
1670453055,m,1977,陕西,咸阳,49
2755493845,m,1992,四川,成都,34
3077382402,m,1975,广东,深圳,51
1952012631,m,1986,北京,朝阳区,40
1975220404,f,1985,北京,昌平区,41
2429126283,m,1985,广东,广州,41
2260653355,m,1981,湖北,武汉,45
1893818995,f,1989,北京,丰台区,37
1401703752,m,1978,北京,宣武区,48
1132905832,m,1983,云南,德宏,43
1760615222,f,1987,广东,广州,39
1868058851,m,1983,四川,成都,43
1824038471,f,1990,北京,海淀区,36
1854686113,m,1983,北京,None,43
1156315203,m,1974,江西,宜春,52
1879468274,f,1977,广东,中山,49
2277513264,f,1982,上海,嘉定区,44
2813680824,m,1992,甘肃,酒泉,34
2208057564,m,1989,河南,安阳,37
2774611021,m,1995,吉林,长春,31
2501004430,m,1990,四川,成都,36
2492122053,m,1988,内蒙古,呼伦贝尔,38
2187561721,m,1989,四川,成都,37
1400280881,m,1981,None,None,45
2531948465,m,1989,北京,大兴区,37
2548183854,m,1993,江苏,泰州,33
2421572417,f,1983,上海,普陀区,43
1783098880,m,1989,辽宁,大连,37
1872415702,f,1985,陕西,西安,41
2689165484,f,1992,山东,日照,34
2669363743,m,1991,湖北,鄂州,35
3210967961,m,1978,上海,松江区,48
1904002323,m,1987,北京,海淀区,39
2425509552,m,1970,上海,None,56
2183783371,m,1991,安徽,安庆,35
3221377810,m,1993,广东,惠州,33
1873922897,m,1994,广东,佛山,32
1580996811,m,1992,云南,昆明,34
2440115952,f,1991,广东,深圳,35
1652625882,f,1988,山东,青岛,38
2358501817,m,1986,四川,泸州,40
2214710612,m,1991,广东,湛江,35
3179241774,m,1984,广东,中山,42
2812364547,f,1991,辽宁,沈阳,35
2195167113,m,1989,四川,成都,37
1891270757,f,1988,云南,昆明,38
2482295164,m,1984,北京,海淀区,42
1633108423,m,1985,辽宁,沈阳,41
2279706144,m,1988,江苏,南京,38
1796481232,m,1988,广东,广州,38
1671878145,m,1984,浙江,嘉兴,42
1910296237,m,1987,安徽,合肥,39
2191868531,f,1990,北京,东城区,36
2298007317,m,1959,四川,广元,67
2396475041,m,1991,北京,西城区,35
1452390382,m,1984,河南,开封,42
2327260745,m,1974,辽宁,大连,52
1969706327,m,1983,浙江,衢州,43
1172306862,m,1990,河南,驻马店,36
2089846441,m,1981,四川,成都,45
1891131747,m,1990,新疆,博尔塔拉,36
1896782677,m,1990,云南,玉溪,36
3140928287,m,1992,安徽,蚌埠,34
1279098155,m,1988,北京,通州区,38
2087761441,m,1957,江苏,苏州,69
1867579531,m,1988,重庆,沙坪坝区,38
1311327025,m,1982,浙江,杭州,44
1342451464,m,1983,河南,新乡,43
2102218871,m,1972,江苏,南京,54
1098921247,m,1986,江苏,None,40
1791648965,m,1993,广东,None,33
1214004045,m,1985,北京,通州区,41
1737800670,m,1984,上海,闸北区,42
3088919385,m,1992,广东,广州,34
1252050493,m,1978,广东,东莞,48
1188305744,f,1984,天津,None,42
2810914071,m,1991,广东,湛江,35
2982403113,m,1992,青海,西宁,34
2567039631,f,1991,江苏,南通,35
2996430704,f,2013,北京,海淀区,13
1792904961,f,1989,上海,普陀区,37
1692586090,f,2008,上海,徐汇区,18
1394591631,m,1991,北京,石景山区,35
2546073467,m,1977,北京,朝阳区,49
2692924713,m,1985,广东,东莞,41
1779193437,m,1983,广东,东莞,43
2532012797,m,1992,河南,许昌,34
1630361041,m,1979,山东,青岛,47
1652892037,m,1989,上海,崇明县,37
2171987221,f,1978,北京,朝阳区,48
2310567952,m,1986,江苏,苏州,40
2256279635,m,1996,北京,海淀区,30
1852226777,m,1983,台湾,台北市,43
1964326267,m,1987,辽宁,葫芦岛,39
2350433790,m,1988,上海,浦东新区,38
1730253003,m,1983,陕西,None,43
1316731135,m,1991,河北,石家庄,35
1695887802,f,2012,北京,东城区,14
2646460732,m,1988,福建,福州,38
2377375280,m,1970,河北,秦皇岛,56
1069413290,m,1989,浙江,宁波,37
2129722572,f,1992,广东,广州,34
2619037321,m,1988,北京,海淀区,38
2959572022,f,1995,广东,广州,31
1180765170,m,1985,北京,海淀区,41
1756612321,m,1964,重庆,沙坪坝区,62
1280595180,m,1991,辽宁,沈阳,35
1790000951,m,1983,北京,朝阳区,43
1931856635,m,1984,北京,丰台区,42
1145702832,m,1967,北京,东城区,59
1805574383,m,1983,北京,朝阳区,43
2126132232,f,1985,上海,闸北区,41
1230682273,m,2010,北京,西城区,16
1081615637,m,1964,天津,河东区,62
1218350271,m,1979,北京,朝阳区,47
2100959053,m,1975,北京,通州区,51
2520703015,m,1984,辽宁,沈阳,42
1233772371,f,1986,北京,朝阳区,40
2651944912,m,1991,四川,成都,35
2108494821,m,1986,天津,北辰区,40
2820469692,m,1981,辽宁,沈阳,45
1745232040,m,1982,广东,东莞,44
3229052243,m,1980,内蒙古,鄂尔多斯,46
2212769345,m,1987,北京,朝阳区,39
2270877305,f,1990,山西,吕梁,36
1645167497,m,1986,河北,沧州,40
1192803233,m,1986,上海,浦东新区,40
2181252162,m,1987,广东,广州,39
2376541610,m,1987,海外,英国,39
2012869285,f,1988,北京,海淀区,38
2252814920,m,1977,广东,东莞,49
1610884643,m,1974,北京,海淀区,52
1191857654,m,1978,上海,闵行区,48
1044556270,m,1987,浙江,嘉兴,39
2017313361,m,1995,江西,南昌,31
1710992712,m,1983,浙江,杭州,43
2124704541,m,1988,江苏,扬州,38
2798917321,f,1983,北京,海淀区,43
2249929684,m,1991,四川,成都,35
2355127521,m,1991,河南,洛阳,35
1083245600,m,1980,辽宁,大连,46
2822422553,m,1997,广东,茂名,29
1769070765,m,1987,北京,丰台区,39
1990703841,f,1988,江苏,无锡,38
1868234514,m,1988,贵州,贵阳,38
2769265435,m,1995,None,None,31
2119173095,m,1981,江苏,南京,45
2191837150,m,1988,北京,大兴区,38
2657168903,m,1982,北京,朝阳区,44
1401693994,m,1976,北京,海淀区,50
1418689523,m,1982,上海,浦东新区,44
1242113882,m,1973,广东,佛山,53
1649962254,m,1988,陕西,西安,38
2269210467,f,1990,北京,海淀区,36
2160355365,m,1991,江苏,徐州,35
1165817394,m,1981,上海,浦东新区,45
2719343793,f,1989,北京,西城区,37
2447845567,m,1975,上海,黄浦区,51
1353944392,m,1974,广西,桂林,52
1652143825,f,1987,湖南,岳阳,39
2620069663,m,1988,北京,海淀区,38
1528407385,m,1986,安徽,合肥,40
3172523110,f,1993,上海,浦东新区,33
2343448375,m,1991,北京,海淀区,35
2347003561,m,1990,湖南,长沙,36
1881493547,m,1992,天津,塘沽区,34
2727033845,m,1987,广东,深圳,39
1375124303,m,1980,山东,聊城,46
2817275250,f,1999,江西,抚州,27
1816438825,m,1984,北京,丰台区,42
2704437621,f,1988,广东,深圳,38
1881146657,f,1985,北京,东城区,41
1939341250,m,1990,广东,广州,36
1314670477,m,1986,北京,海淀区,40
2456033462,m,1993,北京,朝阳区,33
1749213591,m,1983,安徽,合肥,43
2549528477,m,1974,山东,青岛,52
1430298185,f,1976,上海,None,50
1130571394,m,1971,陕西,西安,55
1603684890,f,1987,上海,嘉定区,39
2043513765,m,1988,广东,深圳,38
2642310523,m,1988,四川,泸州,38
2149567941,m,1990,河南,南阳,36
1743599744,f,1990,上海,None,36
2742133462,f,1990,四川,成都,36
1155009935,m,1964,上海,奉贤区,62
3207842555,m,1990,重庆,北碚区,36
3348361060,m,1980,上海,青浦区,46
1248740475,f,1986,辽宁,大连,40
2453473220,f,1982,福建,泉州,44
2979570043,m,1989,天津,塘沽区,37
1919316283,m,1987,广东,韶关,39
2551537453,m,1986,北京,海淀区,40
2192277252,f,1980,上海,None,46
2519213781,m,1988,安徽,黄山,38
1883187473,m,1984,北京,None,42
2557256294,f,1992,上海,南汇区,34
2748328195,m,1999,湖南,郴州,27
1408412695,m,1981,上海,徐汇区,45
1802107422,f,1989,广东,中山,37
1836501220,m,1989,浙江,None,37
1055305990,m,1979,北京,海淀区,47
2874815044,f,1989,广东,广州,37
3279057680,m,2013,山东,青岛,13
2692349537,m,1993,浙江,温州,33
2416533892,f,1991,广东,广州,35
1932051613,m,1993,湖南,衡阳,33
1686325767,m,1994,上海,浦东新区,32
1670588721,f,1985,广西,南宁,41
1449759577,m,1977,上海,普陀区,49
1877090941,m,2000,广东,广州,26
2698795773,m,1981,天津,塘沽区,45
2157574352,f,1988,重庆,大渡口区,38
2382697983,m,1992,河南,郑州,34
2478800172,f,1985,上海,松江区,41
1696420874,m,1987,重庆,南岸区,39
1715869771,m,2011,北京,朝阳区,15
2911369843,f,1977,江苏,南京,49
2120811914,m,1990,湖北,None,36
1906612841,f,1986,海外,美国,40
1347636160,m,1987,辽宁,大连,39
2118322113,m,1988,北京,昌平区,38
2299685837,m,1996,四川,攀枝花,30
2525956054,m,1986,安徽,芜湖,40
1461513122,m,1978,北京,朝阳区,48
2827763615,m,1978,安徽,合肥,48
1685606660,m,1986,海外,美国,40
1424506951,m,1990,江苏,苏州,36
1170576795,m,1987,广东,广州,39
2644208142,m,1985,广东,广州,41
2381919821,m,1991,湖北,武汉,35
1411272793,m,1981,重庆,九龙坡区,45
1657717931,m,1990,吉林,四平,36
1376658185,m,1977,浙江,杭州,49
2458941290,m,1981,四川,成都,45
2449464747,m,1949,北京,朝阳区,77
2441062203,f,1991,湖南,郴州,35
1793623290,m,1987,江苏,常州,39
1805231944,m,1960,上海,黄浦区,66
2606724903,m,1982,上海,None,44
2663180173,f,1992,湖北,武汉,34
2669667481,f,1984,安徽,合肥,42
2409534271,m,1992,广东,中山,34
2866849424,f,2002,广西,柳州,24
1658764815,m,1979,浙江,丽水,47
1077195253,m,1980,山东,菏泽,46
1905307393,m,1988,广东,东莞,38
2122455355,f,1991,北京,朝阳区,35
2696608851,f,1968,上海,静安区,58
2455842630,m,1987,湖北,襄阳,39
1842330282,m,1983,广东,梅州,43
2213129020,m,1991,北京,海淀区,35
1662062421,m,2012,北京,朝阳区,14
1844083050,m,1977,广东,深圳,49
2352078641,m,1991,台湾,台北市,35
1932751812,m,1990,江苏,淮安,36
2542966420,f,1986,江苏,苏州,40
1650020834,m,1989,广东,东莞,37
1895249144,f,1988,江苏,南通,38
2447890724,f,1990,广东,广州,36
1763515692,f,1983,河南,郑州,43
2449461505,m,1992,辽宁,丹东,34
2266814072,m,1991,云南,红河,35
2535193397,m,1992,上海,浦东新区,34
2546363221,m,1978,浙江,杭州,48
1837035424,m,1991,广西,南宁,35
2697840673,m,1985,河北,唐山,41
1282572522,m,1989,北京,丰台区,37
2251216004,m,1989,广东,深圳,37
2489599325,m,1991,北京,朝阳区,35
1903805721,m,1983,甘肃,兰州,43
2907926331,m,1994,山东,青岛,32
1296749584,m,1985,北京,西城区,41
1838432314,m,1989,陕西,榆林,37
2707878357,m,2012,陕西,西安,14
1705398200,f,1989,重庆,None,37
1400948851,m,1970,北京,西城区,56
3231004140,f,1986,广东,中山,40
1146829983,m,1980,广东,深圳,46
2500173377,f,1985,北京,朝阳区,41
3192696110,m,1982,北京,东城区,44
2651738914,f,1987,上海,浦东新区,39
2785835474,m,1992,浙江,绍兴,34
1661856184,m,1985,广东,深圳,41
2684959443,f,1986,福建,福州,40
2800936765,f,1992,北京,海淀区,34
1092742434,m,1982,重庆,None,44
2250179645,m,1986,浙江,杭州,40
2505452762,f,1990,上海,闵行区,36
1045694292,m,1986,安徽,宿州,40
2696898793,m,1986,北京,大兴区,40
1775484190,m,1990,内蒙古,锡林郭勒盟,36
1896287095,m,1983,北京,朝阳区,43
2885602127,f,1989,福建,None,37
2541728171,f,1983,天津,南开区,43
2138598061,m,1985,广东,广州,41
2116974625,m,1984,河北,唐山,42
1567423182,f,1976,江苏,扬州,50
2141741613,m,1990,江苏,无锡,36
1823756602,m,1993,上海,浦东新区,33
2470416183,f,1989,江苏,镇江,37
1284762193,m,2005,北京,朝阳区,21
2155832482,m,1983,上海,黄浦区,43
1871078997,f,1987,北京,通州区,39
1220406007,m,1989,河北,保定,37
2289941934,m,1991,天津,河西区,35
1299508691,m,1989,山东,济宁,37
1783223067,f,1989,广东,广州,37
3223244840,m,1994,广东,广州,32
2723948361,m,1990,北京,丰台区,36
1456376717,m,1984,上海,浦东新区,42
2525766274,m,1984,广东,东莞,42
2411831527,m,1991,广东,广州,35
2339368963,f,1989,湖北,None,37
1397121635,m,1979,上海,浦东新区,47
3144238993,m,1983,北京,海淀区,43
2437876731,m,1990,北京,朝阳区,36
3115847410,m,1983,河北,保定,43
1444825867,m,1982,天津,河北区,44
1766403945,m,1983,广东,广州,43
1821517953,m,1990,山东,东营,36
2311832850,f,1987,广东,深圳,39
1864288962,m,1990,四川,成都,36
2911242941,m,1993,新疆,伊犁,33
1839697545,f,1985,新疆,乌鲁木齐,41
1918207227,m,1989,北京,海淀区,37
1730646625,m,1967,福建,福州,59
1863116113,f,1987,上海,长宁区,39
3018312305,f,1989,广东,清远,37
2899150575,m,1987,北京,海淀区,39
1585825741,m,1972,广东,深圳,54
1130541561,m,1973,北京,朝阳区,53
1760496793,m,1989,山东,潍坊,37
2549475603,m,1991,黑龙江,哈尔滨,35
1736248183,m,1983,广东,广州,43
1891632490,f,1991,上海,浦东新区,35
1592061604,m,1992,湖北,黄石,34
1448589451,m,1979,吉林,长春,47
1609099434,m,1989,广东,佛山,37
1077565943,m,1977,广东,深圳,49
1438947422,m,1988,天津,南开区,38
2391536240,m,1982,浙江,杭州,44
1910568187,m,1990,江苏,宿迁,36
2791323627,f,1994,四川,达州,32
1265520961,m,1988,北京,海淀区,38
2648335771,m,1986,天津,北辰区,40
2659428641,f,1992,江苏,镇江,34
1157920844,m,1977,山西,太原,49
1657094684,m,1987,山东,青岛,39
2675859440,m,1988,湖北,武汉,38
1612804920,m,1988,重庆,渝中区,38
1731898573,m,1990,河南,信阳,36
2264288684,m,1996,广东,东莞,30
1468039640,m,1986,北京,None,40
2088028827,f,1992,北京,密云县,34
2348203983,m,1989,江苏,淮安,37
1771283652,m,1991,安徽,None,35
2432160841,m,1980,陕西,西安,46
2659235775,f,2000,广东,深圳,26
1728547940,f,1989,广东,广州,37
2815818623,m,1984,北京,西城区,42
2932275344,f,1997,广东,江门,29
1661823392,m,1983,北京,昌平区,43
1114593172,f,1978,上海,None,48
1335812870,f,1985,北京,西城区,41
1067219274,f,1981,上海,宝山区,45
1758207563,m,1988,广东,佛山,38
2618401281,m,1983,广东,深圳,43
2542586991,m,1984,黑龙江,双鸭山,42
2950182034,m,1992,海外,None,34
2837373582,m,1983,重庆,九龙坡区,43
1791034857,m,1992,山东,潍坊,34
1353249113,f,1982,北京,东城区,44
1276033573,m,1986,北京,None,40
1408419274,m,1981,北京,朝阳区,45
1461007541,m,1972,江西,景德镇,54
3212419225,m,1986,天津,滨海新区,40
2630327961,m,1988,北京,海淀区,38
1699077063,m,1981,四川,成都,45
1884075884,m,1984,北京,海淀区,42
2312284405,m,1989,山东,青岛,37
2216968430,m,1978,广东,东莞,48
2427144071,m,1992,湖南,岳阳,34
2209157177,f,1987,辽宁,沈阳,39
2837371012,m,1986,浙江,嘉兴,40
2092194217,m,1992,四川,成都,34
2562150782,m,1991,甘肃,武威,35
2310500551,m,1992,江西,南昌,34
2837052904,m,1989,浙江,杭州,37
1633716631,m,1984,上海,徐汇区,42
2087391301,m,1989,广东,佛山,37
2774080423,f,1982,山东,青岛,44
1465433433,m,1986,北京,海淀区,40
2982655745,f,1995,广东,珠海,31
2394223285,f,1990,河北,廊坊,36
1641980954,m,1983,北京,海淀区,43
1664154660,m,1989,北京,海淀区,37
1637520867,m,1983,湖南,娄底,43
2482977251,m,1993,浙江,宁波,33
1449521365,m,1982,上海,浦东新区,44
3031614282,m,1983,广东,佛山,43
1591292615,m,1989,北京,东城区,37
1776452050,m,1986,上海,徐汇区,40
1833633874,m,1987,辽宁,沈阳,39
2627383777,f,1987,北京,朝阳区,39
2127368322,m,1993,广东,阳江,33
1260747704,m,1986,天津,西青区,40
2845697174,m,1957,辽宁,沈阳,69
1313472763,m,1965,陕西,西安,61
2302418723,m,1989,湖北,武汉,37
1305977067,m,1989,辽宁,大连,37
1287699630,f,1975,None,None,51
2372048084,f,1990,山东,青岛,36
2423725437,m,1994,广东,广州,32
2477006062,m,1996,广东,广州,30
2471739513,m,1990,北京,海淀区,36
1854603707,f,1990,四川,成都,36
2629533291,m,1990,贵州,遵义,36
2161125412,m,1993,福建,宁德,33
1743194133,m,1990,福建,厦门,36
1917626114,m,1985,浙江,杭州,41
1132410290,f,1984,广东,广州,42
2708327221,m,1962,江苏,南京,64
1917343477,m,1991,河南,郑州,35
2277303943,f,1986,北京,海淀区,40
1604339310,f,1981,上海,松江区,45
1365283735,f,1987,北京,通州区,39
1571387912,m,1989,北京,朝阳区,37
1831604343,f,1987,河北,衡水,39
2385294627,m,1979,山东,济南,47
1916944527,m,1978,江苏,无锡,48
2348949051,m,1992,四川,成都,34
2354841411,m,1988,辽宁,大连,38
1152993553,m,1981,重庆,南岸区,45
1829053345,f,1987,广东,广州,39
1854465043,f,1990,浙江,嘉兴,36
2196770910,m,1981,北京,朝阳区,45
2393683805,m,1989,湖北,武汉,37
1802727530,m,1983,北京,海淀区,43
1015648157,m,1982,None,None,44
